national_flag,area,population,iso,country,capital,continent,tld,currency_code,currency_name,phone,postal_code_format,postal_code_regex,languages,neighbours,timestamp
,647500,29121286,AF,Afghanistan,Kabul,AS,.af,AFN,Afghani,93,,,fa-AF ps uz-AF tk,TM CN IR TJ PK UZ,"Sun, 09 Apr 2023 21:14:31 GMT"
,1580,26711,AX,Aland Islands,Mariehamn,EU,.ax,EUR,Euro,+358-18,,,sv-AX,,"Sun, 09 Apr 2023 21:14:31 GMT"
,28748,2986952,AL,Albania,Tirana,EU,.al,ALL,Lek,355,,,sq el,MK GR CS ME RS XK,"Sun, 09 Apr 2023 21:14:31 GMT"
,2381740,34586184,DZ,Algeria,Algiers,AF,.dz,DZD,Dinar,213,,,ar-DZ,NE EH LY MR TN MA ML,"Sun, 09 Apr 2023 21:14:31 GMT"
,199,57881,AS,American Samoa,Pago Pago,OC,.as,USD,Dollar,+1-684,,,en-AS sm to,,"Sun, 09 Apr 2023 21:14:32 GMT"
,468,84000,AD,Andorra,Andorra la Vella,EU,.ad,EUR,Euro,376,,,ca,ES FR,"Sun, 09 Apr 2023 21:14:32 GMT"
,1246700,13068161,AO,Angola,Luanda,AF,.ao,AOA,Kwanza,244,,,pt-AO,CD NA ZM CG,"Sun, 09 Apr 2023 21:14:32 GMT"
,102,13254,AI,Anguilla,The Valley,NA,.ai,XCD,Dollar,+1-264,,,en-AI,,"Sun, 09 Apr 2023 21:14:32 GMT"
,14000000,0,AQ,Antarctica,,AN,.aq,,,,,,,,"Sun, 09 Apr 2023 21:14:32 GMT"
,443,86754,AG,Antigua and Barbuda,St. John's,NA,.ag,XCD,Dollar,+1-268,,,en-AG,,"Sun, 09 Apr 2023 21:14:32 GMT"
,2766890,41343201,AR,Argentina,Buenos Aires,SA,.ar,ARS,Peso,54,,,es-AR en it de fr gn,CL BO UY PY BR,"Sun, 09 Apr 2023 21:14:32 GMT"
,29800,2968000,AM,Armenia,Yerevan,AS,.am,AMD,Dram,374,,,hy,GE IR AZ TR,"Sun, 09 Apr 2023 21:14:32 GMT"
,193,71566,AW,Aruba,Oranjestad,NA,.aw,AWG,Guilder,297,,,nl-AW es en,,"Sun, 09 Apr 2023 21:14:32 GMT"
,7686850,21515754,AU,Australia,Canberra,OC,.au,AUD,Dollar,61,,,en-AU,,"Sun, 09 Apr 2023 21:14:33 GMT"
,83858,8205000,AT,Austria,Vienna,EU,.at,EUR,Euro,43,,,de-AT hr hu sl,CH DE HU SK CZ IT SI LI,"Sun, 09 Apr 2023 21:14:33 GMT"
,86600,8303512,AZ,Azerbaijan,Baku,AS,.az,AZN,Manat,994,,,az ru hy,GE IR AM TR RU,"Sun, 09 Apr 2023 21:14:33 GMT"
,13940,301790,BS,Bahamas,Nassau,NA,.bs,BSD,Dollar,+1-242,,,en-BS,,"Sun, 09 Apr 2023 21:14:33 GMT"
,665,738004,BH,Bahrain,Manama,AS,.bh,BHD,Dinar,973,,,ar-BH en fa ur,,"Sun, 09 Apr 2023 21:14:33 GMT"
,144000,156118464,BD,Bangladesh,Dhaka,AS,.bd,BDT,Taka,880,,,bn-BD en,MM IN,"Sun, 09 Apr 2023 21:14:33 GMT"
,431,285653,BB,Barbados,Bridgetown,NA,.bb,BBD,Dollar,+1-246,,,en-BB,,"Sun, 09 Apr 2023 21:14:33 GMT"
,207600,9685000,BY,Belarus,Minsk,EU,.by,BYR,Ruble,375,,,be ru,PL LT UA RU LV,"Sun, 09 Apr 2023 21:14:33 GMT"
,30510,10403000,BE,Belgium,Brussels,EU,.be,EUR,Euro,32,,,nl-BE fr-BE de-BE,DE NL LU FR,"Sun, 09 Apr 2023 21:14:33 GMT"
,22966,314522,BZ,Belize,Belmopan,NA,.bz,BZD,Dollar,501,,,en-BZ es,GT MX,"Sun, 09 Apr 2023 21:14:33 GMT"
,112620,9056010,BJ,Benin,Porto-Novo,AF,.bj,XOF,Franc,229,,,fr-BJ,NE TG BF NG,"Sun, 09 Apr 2023 21:14:34 GMT"
,53,65365,BM,Bermuda,Hamilton,NA,.bm,BMD,Dollar,+1-441,,,en-BM pt,,"Sun, 09 Apr 2023 21:14:34 GMT"
,47000,699847,BT,Bhutan,Thimphu,AS,.bt,BTN,Ngultrum,975,,,dz,CN IN,"Sun, 09 Apr 2023 21:14:34 GMT"
,1098580,9947418,BO,Bolivia,Sucre,SA,.bo,BOB,Boliviano,591,,,es-BO qu ay,PE CL PY BR AR,"Sun, 09 Apr 2023 21:14:34 GMT"
,328,18012,BQ,"Bonaire, Saint Eustatius and Saba",,NA,.bq,USD,Dollar,599,,,nl pap en,,"Sun, 09 Apr 2023 21:14:34 GMT"
,51129,4590000,BA,Bosnia and Herzegovina,Sarajevo,EU,.ba,BAM,Marka,387,,,bs hr-BA sr-BA,CS HR ME RS,"Sun, 09 Apr 2023 21:14:34 GMT"
,600370,2029307,BW,Botswana,Gaborone,AF,.bw,BWP,Pula,267,,,en-BW tn-BW,ZW ZA NA,"Sun, 09 Apr 2023 21:14:34 GMT"
,49,0,BV,Bouvet Island,,AN,.bv,NOK,Krone,,,,,,"Sun, 09 Apr 2023 21:14:34 GMT"
,8511965,201103330,BR,Brazil,Brasilia,SA,.br,BRL,Real,55,,,pt-BR es en fr,SR PE BO UY GY PY GF VE CO AR,"Sun, 09 Apr 2023 21:14:34 GMT"
,60,4000,IO,British Indian Ocean Territory,Diego Garcia,AS,.io,USD,Dollar,246,,,en-IO,,"Sun, 09 Apr 2023 21:14:34 GMT"
,153,21730,VG,British Virgin Islands,Road Town,NA,.vg,USD,Dollar,+1-284,,,en-VG,,"Sun, 09 Apr 2023 21:14:35 GMT"
,5770,395027,BN,Brunei,Bandar Seri Begawan,AS,.bn,BND,Dollar,673,,,ms-BN en-BN,MY,"Sun, 09 Apr 2023 21:14:35 GMT"
,110910,7148785,BG,Bulgaria,Sofia,EU,.bg,BGN,Lev,359,,,bg tr-BG,MK GR RO CS TR RS,"Sun, 09 Apr 2023 21:14:35 GMT"
,274200,16241811,BF,Burkina Faso,Ouagadougou,AF,.bf,XOF,Franc,226,,,fr-BF,NE BJ GH CI TG ML,"Sun, 09 Apr 2023 21:14:35 GMT"
,27830,9863117,BI,Burundi,Bujumbura,AF,.bi,BIF,Franc,257,,,fr-BI rn,TZ CD RW,"Sun, 09 Apr 2023 21:14:35 GMT"
,181040,14453680,KH,Cambodia,Phnom Penh,AS,.kh,KHR,Riels,855,,,km fr en,LA TH VN,"Sun, 09 Apr 2023 21:14:35 GMT"
,475440,19294149,CM,Cameroon,Yaounde,AF,.cm,XAF,Franc,237,,,en-CM fr-CM,TD CF GA GQ CG NG,"Sun, 09 Apr 2023 21:14:35 GMT"
,9984670,33679000,CA,Canada,Ottawa,NA,.ca,CAD,Dollar,1,,,en-CA fr-CA iu,US,"Sun, 09 Apr 2023 21:14:35 GMT"
,4033,508659,CV,Cape Verde,Praia,AF,.cv,CVE,Escudo,238,,,pt-CV,,"Sun, 09 Apr 2023 21:14:35 GMT"
,262,44270,KY,Cayman Islands,George Town,NA,.ky,KYD,Dollar,+1-345,,,en-KY,,"Sun, 09 Apr 2023 21:14:35 GMT"
,622984,4844927,CF,Central African Republic,Bangui,AF,.cf,XAF,Franc,236,,,fr-CF sg ln kg,TD SD CD SS CM CG,"Sun, 09 Apr 2023 21:14:36 GMT"
,1284000,10543464,TD,Chad,N'Djamena,AF,.td,XAF,Franc,235,,,fr-TD ar-TD sre,NE LY CF SD CM NG,"Sun, 09 Apr 2023 21:14:36 GMT"
,756950,16746491,CL,Chile,Santiago,SA,.cl,CLP,Peso,56,,,es-CL,PE BO AR,"Sun, 09 Apr 2023 21:14:36 GMT"
,9596960,1330044000,CN,China,Beijing,AS,.cn,CNY,Yuan Renminbi,86,,,zh-CN yue wuu dta ug za,LA BT TJ KZ MN AF NP MM KG PK KP RU VN IN,"Sun, 09 Apr 2023 21:14:36 GMT"
,135,1500,CX,Christmas Island,Flying Fish Cove,AS,.cx,AUD,Dollar,61,,,en zh ms-CC,,"Sun, 09 Apr 2023 21:14:36 GMT"
,14,628,CC,Cocos Islands,West Island,AS,.cc,AUD,Dollar,61,,,ms-CC en,,"Sun, 09 Apr 2023 21:14:36 GMT"
,1138910,44205293,CO,Colombia,Bogota,SA,.co,COP,Peso,57,,,es-CO,EC PE PA BR VE,"Sun, 09 Apr 2023 21:14:36 GMT"
,2170,773407,KM,Comoros,Moroni,AF,.km,KMF,Franc,269,,,ar fr-KM,,"Sun, 09 Apr 2023 21:14:36 GMT"
,240,21388,CK,Cook Islands,Avarua,OC,.ck,NZD,Dollar,682,,,en-CK mi,,"Sun, 09 Apr 2023 21:14:36 GMT"
,51100,4516220,CR,Costa Rica,San Jose,NA,.cr,CRC,Colon,506,,,es-CR en,PA NI,"Sun, 09 Apr 2023 21:14:36 GMT"
,56542,4491000,HR,Croatia,Zagreb,EU,.hr,HRK,Kuna,385,,,hr-HR sr,HU SI CS BA ME RS,"Sun, 09 Apr 2023 21:14:36 GMT"
,110860,11423000,CU,Cuba,Havana,NA,.cu,CUP,Peso,53,,,es-CU,US,"Sun, 09 Apr 2023 21:14:37 GMT"
,444,141766,CW,Curacao,Willemstad,NA,.cw,ANG,Guilder,599,,,nl pap,,"Sun, 09 Apr 2023 21:14:37 GMT"
,9250,1102677,CY,Cyprus,Nicosia,EU,.cy,EUR,Euro,357,,,el-CY tr-CY en,,"Sun, 09 Apr 2023 21:14:37 GMT"
,78866,10476000,CZ,Czech Republic,Prague,EU,.cz,CZK,Koruna,420,,,cs sk,PL DE SK AT,"Sun, 09 Apr 2023 21:14:37 GMT"
,2345410,70916439,CD,Democratic Republic of the Congo,Kinshasa,AF,.cd,CDF,Franc,243,,,fr-CD ln kg,TZ CF SS RW ZM BI UG CG AO,"Sun, 09 Apr 2023 21:14:37 GMT"
,43094,5484000,DK,Denmark,Copenhagen,EU,.dk,DKK,Krone,45,,,da-DK en fo de-DK,DE,"Sun, 09 Apr 2023 21:14:37 GMT"
,23000,740528,DJ,Djibouti,Djibouti,AF,.dj,DJF,Franc,253,,,fr-DJ ar so-DJ aa,ER ET SO,"Sun, 09 Apr 2023 21:14:37 GMT"
,754,72813,DM,Dominica,Roseau,NA,.dm,XCD,Dollar,+1-767,,,en-DM,,"Sun, 09 Apr 2023 21:14:37 GMT"
,48730,9823821,DO,Dominican Republic,Santo Domingo,NA,.do,DOP,Peso,+1-809 and 1-829,,,es-DO,HT,"Sun, 09 Apr 2023 21:14:37 GMT"
,15007,1154625,TL,East Timor,Dili,OC,.tl,USD,Dollar,670,,,tet pt-TL id en,ID,"Sun, 09 Apr 2023 21:14:37 GMT"
,283560,14790608,EC,Ecuador,Quito,SA,.ec,USD,Dollar,593,,,es-EC,PE CO,"Sun, 09 Apr 2023 21:14:38 GMT"
,1001450,80471869,EG,Egypt,Cairo,AF,.eg,EGP,Pound,20,,,ar-EG en fr,LY SD IL,"Sun, 09 Apr 2023 21:14:38 GMT"
,21040,6052064,SV,El Salvador,San Salvador,NA,.sv,USD,Dollar,503,,,es-SV,GT HN,"Sun, 09 Apr 2023 21:14:38 GMT"
,28051,1014999,GQ,Equatorial Guinea,Malabo,AF,.gq,XAF,Franc,240,,,es-GQ fr,GA CM,"Sun, 09 Apr 2023 21:14:38 GMT"
,121320,5792984,ER,Eritrea,Asmara,AF,.er,ERN,Nakfa,291,,,aa-ER ar tig kun ti-ER,ET SD DJ,"Sun, 09 Apr 2023 21:14:38 GMT"
,45226,1291170,EE,Estonia,Tallinn,EU,.ee,EUR,Euro,372,,,et ru,RU LV,"Sun, 09 Apr 2023 21:14:38 GMT"
,1127127,88013491,ET,Ethiopia,Addis Ababa,AF,.et,ETB,Birr,251,,,am en-ET om-ET ti-ET so-ET sid,ER KE SD SS SO DJ,"Sun, 09 Apr 2023 21:14:38 GMT"
,12173,2638,FK,Falkland Islands,Stanley,SA,.fk,FKP,Pound,500,,,en-FK,,"Sun, 09 Apr 2023 21:14:38 GMT"
,1399,48228,FO,Faroe Islands,Torshavn,EU,.fo,DKK,Krone,298,,,fo da-FO,,"Sun, 09 Apr 2023 21:14:38 GMT"
,18270,875983,FJ,Fiji,Suva,OC,.fj,FJD,Dollar,679,,,en-FJ fj,,"Sun, 09 Apr 2023 21:14:39 GMT"
,337030,5244000,FI,Finland,Helsinki,EU,.fi,EUR,Euro,358,,,fi-FI sv-FI smn,NO RU SE,"Sun, 09 Apr 2023 21:14:39 GMT"
,547030,64768389,FR,France,Paris,EU,.fr,EUR,Euro,33,,,fr-FR frp br co ca eu oc,CH DE BE LU IT AD MC ES,"Sun, 09 Apr 2023 21:14:39 GMT"
,91000,195506,GF,French Guiana,Cayenne,SA,.gf,EUR,Euro,594,,,fr-GF,SR BR,"Sun, 09 Apr 2023 21:14:39 GMT"
,4167,270485,PF,French Polynesia,Papeete,OC,.pf,XPF,Franc,689,,,fr-PF ty,,"Sun, 09 Apr 2023 21:14:39 GMT"
,7829,140,TF,French Southern Territories,Port-aux-Francais,AN,.tf,EUR,Euro,,,,fr,,"Sun, 09 Apr 2023 21:14:39 GMT"
,267667,1545255,GA,Gabon,Libreville,AF,.ga,XAF,Franc,241,,,fr-GA,CM GQ CG,"Sun, 09 Apr 2023 21:14:39 GMT"
,11300,1593256,GM,Gambia,Banjul,AF,.gm,GMD,Dalasi,220,,,en-GM mnk wof wo ff,SN,"Sun, 09 Apr 2023 21:14:39 GMT"
,69700,4630000,GE,Georgia,Tbilisi,AS,.ge,GEL,Lari,995,,,ka ru hy az,AM AZ TR RU,"Sun, 09 Apr 2023 21:14:39 GMT"
,357021,81802257,DE,Germany,Berlin,EU,.de,EUR,Euro,49,,,de,CH PL NL DK BE CZ LU FR AT,"Sun, 09 Apr 2023 21:14:39 GMT"
,239460,24339838,GH,Ghana,Accra,AF,.gh,GHS,Cedi,233,,,en-GH ak ee tw,CI TG BF,"Sun, 09 Apr 2023 21:14:40 GMT"
,6,27884,GI,Gibraltar,Gibraltar,EU,.gi,GIP,Pound,350,,,en-GI es it pt,ES,"Sun, 09 Apr 2023 21:14:40 GMT"
,131940,11000000,GR,Greece,Athens,EU,.gr,EUR,Euro,30,,,el-GR en fr,AL MK TR BG,"Sun, 09 Apr 2023 21:14:40 GMT"
,2166086,56375,GL,Greenland,Nuuk,NA,.gl,DKK,Krone,299,,,kl da-GL en,,"Sun, 09 Apr 2023 21:14:40 GMT"
,344,107818,GD,Grenada,St. George's,NA,.gd,XCD,Dollar,+1-473,,,en-GD,,"Sun, 09 Apr 2023 21:14:40 GMT"
,1780,443000,GP,Guadeloupe,Basse-Terre,NA,.gp,EUR,Euro,590,,,fr-GP,AN,"Sun, 09 Apr 2023 21:14:40 GMT"
,549,159358,GU,Guam,Hagatna,OC,.gu,USD,Dollar,+1-671,,,en-GU ch-GU,,"Sun, 09 Apr 2023 21:14:40 GMT"
,108890,13550440,GT,Guatemala,Guatemala City,NA,.gt,GTQ,Quetzal,502,,,es-GT,MX HN BZ SV,"Sun, 09 Apr 2023 21:14:40 GMT"
,78,65228,GG,Guernsey,St Peter Port,EU,.gg,GBP,Pound,+44-1481,,,en fr,,"Sun, 09 Apr 2023 21:14:40 GMT"
,245857,10324025,GN,Guinea,Conakry,AF,.gn,GNF,Franc,224,,,fr-GN,LR SN SL CI GW ML,"Sun, 09 Apr 2023 21:14:40 GMT"
,36120,1565126,GW,Guinea-Bissau,Bissau,AF,.gw,XOF,Franc,245,,,pt-GW pov,SN GN,"Sun, 09 Apr 2023 21:14:41 GMT"
,214970,748486,GY,Guyana,Georgetown,SA,.gy,GYD,Dollar,592,,,en-GY,SR BR VE,"Sun, 09 Apr 2023 21:14:41 GMT"
,27750,9648924,HT,Haiti,Port-au-Prince,NA,.ht,HTG,Gourde,509,,,ht fr-HT,DO,"Sun, 09 Apr 2023 21:14:41 GMT"
,412,0,HM,Heard Island and McDonald Islands,,AN,.hm,AUD,Dollar,,,,,,"Sun, 09 Apr 2023 21:14:41 GMT"
,112090,7989415,HN,Honduras,Tegucigalpa,NA,.hn,HNL,Lempira,504,,,es-HN,GT NI SV,"Sun, 09 Apr 2023 21:14:41 GMT"
,1092,6898686,HK,Hong Kong,Hong Kong,AS,.hk,HKD,Dollar,852,,,zh-HK yue zh en,,"Sun, 09 Apr 2023 21:14:41 GMT"
,93030,9982000,HU,Hungary,Budapest,EU,.hu,HUF,Forint,36,,,hu-HU,SK SI RO UA CS HR AT RS,"Sun, 09 Apr 2023 21:14:41 GMT"
,103000,308910,IS,Iceland,Reykjavik,EU,.is,ISK,Krona,354,,,is en de da sv no,,"Sun, 09 Apr 2023 21:14:41 GMT"
,3287590,1173108018,IN,India,New Delhi,AS,.in,INR,Rupee,91,,,en-IN hi bn te mr ta ur gu kn ml or pa as bh sat ks ne sd kok doi mni sit sa fr lus inc,CN NP MM BT PK BD,"Sun, 09 Apr 2023 21:14:41 GMT"
,1919440,242968342,ID,Indonesia,Jakarta,AS,.id,IDR,Rupiah,62,,,id en nl jv,PG TL MY,"Sun, 09 Apr 2023 21:14:41 GMT"
,1648000,76923300,IR,Iran,Tehran,AS,.ir,IRR,Rial,98,,,fa-IR ku,TM AF IQ AM PK AZ TR,"Sun, 09 Apr 2023 21:14:42 GMT"
,437072,29671605,IQ,Iraq,Baghdad,AS,.iq,IQD,Dinar,964,,,ar-IQ ku hy,SY SA IR JO TR KW,"Sun, 09 Apr 2023 21:14:42 GMT"
,70280,4622917,IE,Ireland,Dublin,EU,.ie,EUR,Euro,353,,,en-IE ga-IE,GB,"Sun, 09 Apr 2023 21:14:42 GMT"
,572,75049,IM,Isle of Man,"Douglas, Isle of Man",EU,.im,GBP,Pound,+44-1624,,,en gv,,"Sun, 09 Apr 2023 21:14:42 GMT"
,20770,7353985,IL,Israel,Jerusalem,AS,.il,ILS,Shekel,972,,,he ar-IL en-IL ,SY JO LB EG PS,"Sun, 09 Apr 2023 21:14:42 GMT"
,301230,60340328,IT,Italy,Rome,EU,.it,EUR,Euro,39,,,it-IT de-IT fr-IT sc ca co sl,CH VA SI SM FR AT,"Sun, 09 Apr 2023 21:14:42 GMT"
,322460,21058798,CI,Ivory Coast,Yamoussoukro,AF,.ci,XOF,Franc,225,,,fr-CI,LR GH GN BF ML,"Sun, 09 Apr 2023 21:14:42 GMT"
,10991,2847232,JM,Jamaica,Kingston,NA,.jm,JMD,Dollar,+1-876,,,en-JM,,"Sun, 09 Apr 2023 21:14:42 GMT"
,377835,127288000,JP,Japan,Tokyo,AS,.jp,JPY,Yen,81,,,ja,,"Sun, 09 Apr 2023 21:14:42 GMT"
,116,90812,JE,Jersey,Saint Helier,EU,.je,GBP,Pound,+44-1534,,,en pt,,"Sun, 09 Apr 2023 21:14:42 GMT"
,92300,6407085,JO,Jordan,Amman,AS,.jo,JOD,Dinar,962,,,ar-JO en,SY SA IQ IL PS,"Sun, 09 Apr 2023 21:14:43 GMT"
,2717300,15340000,KZ,Kazakhstan,Astana,AS,.kz,KZT,Tenge,7,,,kk ru,TM CN KG UZ RU,"Sun, 09 Apr 2023 21:14:43 GMT"
,582650,40046566,KE,Kenya,Nairobi,AF,.ke,KES,Shilling,254,,,en-KE sw-KE,ET TZ SS SO UG,"Sun, 09 Apr 2023 21:14:43 GMT"
,811,92533,KI,Kiribati,Tarawa,OC,.ki,AUD,Dollar,686,,,en-KI gil,,"Sun, 09 Apr 2023 21:14:43 GMT"
,10908,1800000,XK,Kosovo,Pristina,EU,,EUR,Euro,,,,sq sr,RS AL MK ME,"Sun, 09 Apr 2023 21:14:43 GMT"
,17820,2789132,KW,Kuwait,Kuwait City,AS,.kw,KWD,Dinar,965,,,ar-KW en,SA IQ,"Sun, 09 Apr 2023 21:14:43 GMT"
,198500,5508626,KG,Kyrgyzstan,Bishkek,AS,.kg,KGS,Som,996,,,ky uz ru,CN TJ UZ KZ,"Sun, 09 Apr 2023 21:14:43 GMT"
,236800,6368162,LA,Laos,Vientiane,AS,.la,LAK,Kip,856,,,lo fr en,CN MM KH TH VN,"Sun, 09 Apr 2023 21:14:43 GMT"
,64589,2217969,LV,Latvia,Riga,EU,.lv,EUR,Euro,371,,,lv ru lt,LT EE BY RU,"Sun, 09 Apr 2023 21:14:43 GMT"
,10400,4125247,LB,Lebanon,Beirut,AS,.lb,LBP,Pound,961,,,ar-LB fr-LB en hy,SY IL,"Sun, 09 Apr 2023 21:14:43 GMT"
,30355,1919552,LS,Lesotho,Maseru,AF,.ls,LSL,Loti,266,,,en-LS st zu xh,ZA,"Sun, 09 Apr 2023 21:14:44 GMT"
,111370,3685076,LR,Liberia,Monrovia,AF,.lr,LRD,Dollar,231,,,en-LR,SL CI GN,"Sun, 09 Apr 2023 21:14:44 GMT"
,1759540,6461454,LY,Libya,Tripolis,AF,.ly,LYD,Dinar,218,,,ar-LY it en,TD NE DZ SD TN EG,"Sun, 09 Apr 2023 21:14:44 GMT"
,160,35000,LI,Liechtenstein,Vaduz,EU,.li,CHF,Franc,423,,,de-LI,CH AT,"Sun, 09 Apr 2023 21:14:44 GMT"
,65200,3565000,LT,Lithuania,Vilnius,EU,.lt,LTL,Litas,370,,,lt ru pl,PL BY RU LV,"Sun, 09 Apr 2023 21:14:44 GMT"
,2586,497538,LU,Luxembourg,Luxembourg,EU,.lu,EUR,Euro,352,,,lb de-LU fr-LU,DE BE FR,"Sun, 09 Apr 2023 21:14:44 GMT"
,254,449198,MO,Macao,Macao,AS,.mo,MOP,Pataca,853,,,zh zh-MO pt,,"Sun, 09 Apr 2023 21:14:44 GMT"
,25333,2062294,MK,Macedonia,Skopje,EU,.mk,MKD,Denar,389,,,mk sq tr rmm sr,AL GR CS BG RS XK,"Sun, 09 Apr 2023 21:14:44 GMT"
,587040,21281844,MG,Madagascar,Antananarivo,AF,.mg,MGA,Ariary,261,,,fr-MG mg,,"Sun, 09 Apr 2023 21:14:44 GMT"
,118480,15447500,MW,Malawi,Lilongwe,AF,.mw,MWK,Kwacha,265,,,ny yao tum swk,TZ MZ ZM,"Sun, 09 Apr 2023 21:14:44 GMT"
,329750,28274729,MY,Malaysia,Kuala Lumpur,AS,.my,MYR,Ringgit,60,,,ms-MY en zh ta te ml pa th,BN TH ID,"Sun, 09 Apr 2023 21:14:44 GMT"
,300,395650,MV,Maldives,Male,AS,.mv,MVR,Rufiyaa,960,,,dv en,,"Sun, 09 Apr 2023 21:14:45 GMT"
,1240000,13796354,ML,Mali,Bamako,AF,.ml,XOF,Franc,223,,,fr-ML bm,SN NE DZ CI GN MR BF,"Sun, 09 Apr 2023 21:14:45 GMT"
,316,403000,MT,Malta,Valletta,EU,.mt,EUR,Euro,356,,,mt en-MT,,"Sun, 09 Apr 2023 21:14:45 GMT"
,181,65859,MH,Marshall Islands,Majuro,OC,.mh,USD,Dollar,692,,,mh en-MH,,"Sun, 09 Apr 2023 21:14:45 GMT"
,1100,432900,MQ,Martinique,Fort-de-France,NA,.mq,EUR,Euro,596,,,fr-MQ,,"Sun, 09 Apr 2023 21:14:45 GMT"
,1030700,3205060,MR,Mauritania,Nouakchott,AF,.mr,MRO,Ouguiya,222,,,ar-MR fuc snk fr mey wo,SN DZ EH ML,"Sun, 09 Apr 2023 21:14:45 GMT"
,2040,1294104,MU,Mauritius,Port Louis,AF,.mu,MUR,Rupee,230,,,en-MU bho fr,,"Sun, 09 Apr 2023 21:14:45 GMT"
,374,159042,YT,Mayotte,Mamoudzou,AF,.yt,EUR,Euro,262,,,fr-YT,,"Sun, 09 Apr 2023 21:14:45 GMT"
,1972550,112468855,MX,Mexico,Mexico City,NA,.mx,MXN,Peso,52,,,es-MX,GT US BZ,"Sun, 09 Apr 2023 21:14:45 GMT"
,702,107708,FM,Micronesia,Palikir,OC,.fm,USD,Dollar,691,,,en-FM chk pon yap kos uli woe nkr kpg,,"Sun, 09 Apr 2023 21:14:45 GMT"
,33843,4324000,MD,Moldova,Chisinau,EU,.md,MDL,Leu,373,,,ro ru gag tr,RO UA,"Sun, 09 Apr 2023 21:14:46 GMT"
,1,32965,MC,Monaco,Monaco,EU,.mc,EUR,Euro,377,,,fr-MC en it,FR,"Sun, 09 Apr 2023 21:14:46 GMT"
,1565000,3086918,MN,Mongolia,Ulan Bator,AS,.mn,MNT,Tugrik,976,,,mn ru,CN RU,"Sun, 09 Apr 2023 21:14:46 GMT"
,14026,666730,ME,Montenegro,Podgorica,EU,.me,EUR,Euro,382,,,sr hu bs sq hr rom,AL HR BA RS XK,"Sun, 09 Apr 2023 21:14:46 GMT"
,102,9341,MS,Montserrat,Plymouth,NA,.ms,XCD,Dollar,+1-664,,,en-MS,,"Sun, 09 Apr 2023 21:14:46 GMT"
,446550,31627428,MA,Morocco,Rabat,AF,.ma,MAD,Dirham,212,,,ar-MA fr,DZ EH ES,"Sun, 09 Apr 2023 21:14:46 GMT"
,801590,22061451,MZ,Mozambique,Maputo,AF,.mz,MZN,Metical,258,,,pt-MZ vmw,ZW TZ SZ ZA ZM MW,"Sun, 09 Apr 2023 21:14:46 GMT"
,678500,53414374,MM,Myanmar,Nay Pyi Taw,AS,.mm,MMK,Kyat,95,,,my,CN LA TH BD IN,"Sun, 09 Apr 2023 21:14:46 GMT"
,825418,2128471,NA,Namibia,Windhoek,AF,.na,NAD,Dollar,264,,,en-NA af de hz naq,ZA BW ZM AO,"Sun, 09 Apr 2023 21:14:46 GMT"
,21,10065,NR,Nauru,Yaren,OC,.nr,AUD,Dollar,674,,,na en-NR,,"Sun, 09 Apr 2023 21:14:46 GMT"
,140800,28951852,NP,Nepal,Kathmandu,AS,.np,NPR,Rupee,977,,,ne en,CN IN,"Sun, 09 Apr 2023 21:14:47 GMT"
,41526,16645000,NL,Netherlands,Amsterdam,EU,.nl,EUR,Euro,31,,,nl-NL fy-NL,DE BE,"Sun, 09 Apr 2023 21:14:47 GMT"
,960,136197,AN,Netherlands Antilles,Willemstad,NA,.an,ANG,Guilder,599,,,nl-AN en es,GP,"Sun, 09 Apr 2023 21:14:47 GMT"
,19060,216494,NC,New Caledonia,Noumea,OC,.nc,XPF,Franc,687,,,fr-NC,,"Sun, 09 Apr 2023 21:14:47 GMT"
,268680,4252277,NZ,New Zealand,Wellington,OC,.nz,NZD,Dollar,64,,,en-NZ mi,,"Sun, 09 Apr 2023 21:14:47 GMT"
,129494,5995928,NI,Nicaragua,Managua,NA,.ni,NIO,Cordoba,505,,,es-NI en,CR HN,"Sun, 09 Apr 2023 21:14:47 GMT"
,1267000,15878271,NE,Niger,Niamey,AF,.ne,XOF,Franc,227,,,fr-NE ha kr dje,TD BJ DZ LY BF NG ML,"Sun, 09 Apr 2023 21:14:47 GMT"
,923768,154000000,NG,Nigeria,Abuja,AF,.ng,NGN,Naira,234,,,en-NG ha yo ig ff,TD NE BJ CM,"Sun, 09 Apr 2023 21:14:47 GMT"
,260,2166,NU,Niue,Alofi,OC,.nu,NZD,Dollar,683,,,niu en-NU,,"Sun, 09 Apr 2023 21:14:47 GMT"
,34,1828,NF,Norfolk Island,Kingston,OC,.nf,AUD,Dollar,672,,,en-NF,,"Sun, 09 Apr 2023 21:14:47 GMT"
,120540,22912177,KP,North Korea,Pyongyang,AS,.kp,KPW,Won,850,,,ko-KP,CN KR RU,"Sun, 09 Apr 2023 21:14:48 GMT"
,477,53883,MP,Northern Mariana Islands,Saipan,OC,.mp,USD,Dollar,+1-670,,,fil tl zh ch-MP en-MP,,"Sun, 09 Apr 2023 21:14:48 GMT"
,324220,5009150,NO,Norway,Oslo,EU,.no,NOK,Krone,47,,,no nb nn se fi,FI RU SE,"Sun, 09 Apr 2023 21:14:48 GMT"
,212460,2967717,OM,Oman,Muscat,AS,.om,OMR,Rial,968,,,ar-OM en bal ur,SA YE AE,"Sun, 09 Apr 2023 21:14:48 GMT"
,803940,184404791,PK,Pakistan,Islamabad,AS,.pk,PKR,Rupee,92,,,ur-PK en-PK pa sd ps brh,CN AF IR IN,"Sun, 09 Apr 2023 21:14:48 GMT"
,458,19907,PW,Palau,Melekeok,OC,.pw,USD,Dollar,680,,,pau sov en-PW tox ja fil zh,,"Sun, 09 Apr 2023 21:14:48 GMT"
,5970,3800000,PS,Palestinian Territory,East Jerusalem,AS,.ps,ILS,Shekel,970,,,ar-PS,JO IL,"Sun, 09 Apr 2023 21:14:48 GMT"
,78200,3410676,PA,Panama,Panama City,NA,.pa,PAB,Balboa,507,,,es-PA en,CR CO,"Sun, 09 Apr 2023 21:14:48 GMT"
,462840,6064515,PG,Papua New Guinea,Port Moresby,OC,.pg,PGK,Kina,675,,,en-PG ho meu tpi,ID,"Sun, 09 Apr 2023 21:14:48 GMT"
,406750,6375830,PY,Paraguay,Asuncion,SA,.py,PYG,Guarani,595,,,es-PY gn,BO BR AR,"Sun, 09 Apr 2023 21:14:48 GMT"
,1285220,29907003,PE,Peru,Lima,SA,.pe,PEN,Sol,51,,,es-PE qu ay,EC CL BO BR CO,"Sun, 09 Apr 2023 21:14:49 GMT"
,300000,99900177,PH,Philippines,Manila,AS,.ph,PHP,Peso,63,,,tl en-PH fil,,"Sun, 09 Apr 2023 21:14:49 GMT"
,47,46,PN,Pitcairn,Adamstown,OC,.pn,NZD,Dollar,870,,,en-PN,,"Sun, 09 Apr 2023 21:14:49 GMT"
,312685,38500000,PL,Poland,Warsaw,EU,.pl,PLN,Zloty,48,,,pl,DE LT SK CZ BY UA RU,"Sun, 09 Apr 2023 21:14:49 GMT"
,92391,10676000,PT,Portugal,Lisbon,EU,.pt,EUR,Euro,351,,,pt-PT mwl,ES,"Sun, 09 Apr 2023 21:14:49 GMT"
,9104,3916632,PR,Puerto Rico,San Juan,NA,.pr,USD,Dollar,+1-787 and 1-939,,,en-PR es-PR,,"Sun, 09 Apr 2023 21:14:49 GMT"
,11437,840926,QA,Qatar,Doha,AS,.qa,QAR,Rial,974,,,ar-QA es,SA,"Sun, 09 Apr 2023 21:14:49 GMT"
,342000,3039126,CG,Republic of the Congo,Brazzaville,AF,.cg,XAF,Franc,242,,,fr-CG kg ln-CG,CF GA CD CM AO,"Sun, 09 Apr 2023 21:14:49 GMT"
,2517,776948,RE,Reunion,Saint-Denis,AF,.re,EUR,Euro,262,,,fr-RE,,"Sun, 09 Apr 2023 21:14:49 GMT"
,237500,21959278,RO,Romania,Bucharest,EU,.ro,RON,Leu,40,,,ro hu rom,MD HU UA CS BG RS,"Sun, 09 Apr 2023 21:14:49 GMT"
,17100000,140702000,RU,Russia,Moscow,EU,.ru,RUB,Ruble,7,,,ru tt xal cau ady kv ce tyv cv udm tut mns bua myv mdf chm ba inh tut kbd krc ava sah nog,GE CN BY UA KZ LV PL EE LT FI MN NO AZ KP,"Sun, 09 Apr 2023 21:14:49 GMT"
,26338,11055976,RW,Rwanda,Kigali,AF,.rw,RWF,Franc,250,,,rw en-RW fr-RW sw,TZ CD BI UG,"Sun, 09 Apr 2023 21:14:50 GMT"
,21,8450,BL,Saint Barthelemy,Gustavia,NA,.gp,EUR,Euro,590,,,fr,,"Sun, 09 Apr 2023 21:14:50 GMT"
,410,7460,SH,Saint Helena,Jamestown,AF,.sh,SHP,Pound,290,,,en-SH,,"Sun, 09 Apr 2023 21:14:50 GMT"
,261,51134,KN,Saint Kitts and Nevis,Basseterre,NA,.kn,XCD,Dollar,+1-869,,,en-KN,,"Sun, 09 Apr 2023 21:14:50 GMT"
,616,160922,LC,Saint Lucia,Castries,NA,.lc,XCD,Dollar,+1-758,,,en-LC,,"Sun, 09 Apr 2023 21:14:50 GMT"
,53,35925,MF,Saint Martin,Marigot,NA,.gp,EUR,Euro,590,,,fr,SX,"Sun, 09 Apr 2023 21:14:50 GMT"
,242,7012,PM,Saint Pierre and Miquelon,Saint-Pierre,NA,.pm,EUR,Euro,508,,,fr-PM,,"Sun, 09 Apr 2023 21:14:50 GMT"
,389,104217,VC,Saint Vincent and the Grenadines,Kingstown,NA,.vc,XCD,Dollar,+1-784,,,en-VC fr,,"Sun, 09 Apr 2023 21:14:50 GMT"
,2944,192001,WS,Samoa,Apia,OC,.ws,WST,Tala,685,,,sm en-WS,,"Sun, 09 Apr 2023 21:14:50 GMT"
,61,31477,SM,San Marino,San Marino,EU,.sm,EUR,Euro,378,,,it-SM,IT,"Sun, 09 Apr 2023 21:14:50 GMT"
,1001,175808,ST,Sao Tome and Principe,Sao Tome,AF,.st,STD,Dobra,239,,,pt-ST,,"Sun, 09 Apr 2023 21:14:51 GMT"
,1960582,25731776,SA,Saudi Arabia,Riyadh,AS,.sa,SAR,Rial,966,,,ar-SA,QA OM IQ YE JO AE KW,"Sun, 09 Apr 2023 21:14:51 GMT"
,196190,12323252,SN,Senegal,Dakar,AF,.sn,XOF,Franc,221,,,fr-SN wo fuc mnk,GN MR GW GM ML,"Sun, 09 Apr 2023 21:14:51 GMT"
,88361,7344847,RS,Serbia,Belgrade,EU,.rs,RSD,Dinar,381,,,sr hu bs rom,AL HU MK RO HR BA BG ME XK,"Sun, 09 Apr 2023 21:14:51 GMT"
,102350,10829175,CS,Serbia and Montenegro,Belgrade,EU,.cs,RSD,Dinar,381,,,cu hu sq sr,AL HU MK RO HR BA BG,"Sun, 09 Apr 2023 21:14:51 GMT"
,455,88340,SC,Seychelles,Victoria,AF,.sc,SCR,Rupee,248,,,en-SC fr-SC,,"Sun, 09 Apr 2023 21:14:51 GMT"
,71740,5245695,SL,Sierra Leone,Freetown,AF,.sl,SLL,Leone,232,,,en-SL men tem,LR GN,"Sun, 09 Apr 2023 21:14:51 GMT"
,692,4701069,SG,Singapore,Singapur,AS,.sg,SGD,Dollar,65,,,cmn en-SG ms-SG ta-SG zh-SG,,"Sun, 09 Apr 2023 21:14:51 GMT"
,34,37429,SX,Sint Maarten,Philipsburg,NA,.sx,ANG,Guilder,599,,,nl en,MF,"Sun, 09 Apr 2023 21:14:51 GMT"
,48845,5455000,SK,Slovakia,Bratislava,EU,.sk,EUR,Euro,421,,,sk hu,PL HU CZ UA AT,"Sun, 09 Apr 2023 21:14:51 GMT"
,20273,2007000,SI,Slovenia,Ljubljana,EU,.si,EUR,Euro,386,,,sl sh,HU IT HR AT,"Sun, 09 Apr 2023 21:14:51 GMT"
,28450,559198,SB,Solomon Islands,Honiara,OC,.sb,SBD,Dollar,677,,,en-SB tpi,,"Sun, 09 Apr 2023 21:14:52 GMT"
,637657,10112453,SO,Somalia,Mogadishu,AF,.so,SOS,Shilling,252,,,so-SO ar-SO it en-SO,ET KE DJ,"Sun, 09 Apr 2023 21:14:52 GMT"
,1219912,49000000,ZA,South Africa,Pretoria,AF,.za,ZAR,Rand,27,,,zu xh af nso en-ZA tn st ts ss ve nr,ZW SZ MZ BW NA LS,"Sun, 09 Apr 2023 21:14:52 GMT"
,3903,30,GS,South Georgia and the South Sandwich Islands,Grytviken,AN,.gs,GBP,Pound,,,,en,,"Sun, 09 Apr 2023 21:14:52 GMT"
,98480,48422644,KR,South Korea,Seoul,AS,.kr,KRW,Won,82,,,ko-KR en,KP,"Sun, 09 Apr 2023 21:14:52 GMT"
,644329,8260490,SS,South Sudan,Juba,AF,,SSP,Pound,211,,,en,CD CF ET KE SD UG,"Sun, 09 Apr 2023 21:14:52 GMT"
,504782,46505963,ES,Spain,Madrid,EU,.es,EUR,Euro,34,,,es-ES ca gl eu oc,AD PT GI FR MA,"Sun, 09 Apr 2023 21:14:52 GMT"
,65610,21513990,LK,Sri Lanka,Colombo,AS,.lk,LKR,Rupee,94,,,si ta en,,"Sun, 09 Apr 2023 21:14:52 GMT"
,1861484,35000000,SD,Sudan,Khartoum,AF,.sd,SDG,Pound,249,,,ar-SD en fia,SS TD EG ET ER LY CF,"Sun, 09 Apr 2023 21:14:52 GMT"
,163270,492829,SR,Suriname,Paramaribo,SA,.sr,SRD,Dollar,597,,,nl-SR en srn hns jv,GY BR GF,"Sun, 09 Apr 2023 21:14:52 GMT"
,62049,2550,SJ,Svalbard and Jan Mayen,Longyearbyen,EU,.sj,NOK,Krone,47,,,no ru,,"Sun, 09 Apr 2023 21:14:53 GMT"
,17363,1354051,SZ,Swaziland,Mbabane,AF,.sz,SZL,Lilangeni,268,,,en-SZ ss-SZ,ZA MZ,"Sun, 09 Apr 2023 21:14:53 GMT"
,449964,9555893,SE,Sweden,Stockholm,EU,.se,SEK,Krona,46,,,sv-SE se sma fi-SE,NO FI,"Sun, 09 Apr 2023 21:14:53 GMT"
,41290,7581000,CH,Switzerland,Berne,EU,.ch,CHF,Franc,41,,,de-CH fr-CH it-CH rm,DE IT LI FR AT,"Sun, 09 Apr 2023 21:14:53 GMT"
,185180,22198110,SY,Syria,Damascus,AS,.sy,SYP,Pound,963,,,ar-SY ku hy arc fr en,IQ JO IL TR LB,"Sun, 09 Apr 2023 21:14:53 GMT"
,35980,22894384,TW,Taiwan,Taipei,AS,.tw,TWD,Dollar,886,,,zh-TW zh nan hak,,"Sun, 09 Apr 2023 21:14:53 GMT"
,143100,7487489,TJ,Tajikistan,Dushanbe,AS,.tj,TJS,Somoni,992,,,tg ru,CN AF KG UZ,"Sun, 09 Apr 2023 21:14:53 GMT"
,945087,41892895,TZ,Tanzania,Dodoma,AF,.tz,TZS,Shilling,255,,,sw-TZ en ar,MZ KE CD RW ZM BI UG MW,"Sun, 09 Apr 2023 21:14:53 GMT"
,514000,67089500,TH,Thailand,Bangkok,AS,.th,THB,Baht,66,,,th en,LA MM KH MY,"Sun, 09 Apr 2023 21:14:53 GMT"
,56785,6587239,TG,Togo,Lome,AF,.tg,XOF,Franc,228,,,fr-TG ee hna kbp dag ha,BJ GH BF,"Sun, 09 Apr 2023 21:14:54 GMT"
,10,1466,TK,Tokelau,,OC,.tk,NZD,Dollar,690,,,tkl en-TK,,"Sun, 09 Apr 2023 21:14:54 GMT"
,748,122580,TO,Tonga,Nuku'alofa,OC,.to,TOP,Pa'anga,676,,,to en-TO,,"Sun, 09 Apr 2023 21:14:54 GMT"
,5128,1228691,TT,Trinidad and Tobago,Port of Spain,NA,.tt,TTD,Dollar,+1-868,,,en-TT hns fr es zh,,"Sun, 09 Apr 2023 21:14:54 GMT"
,163610,10589025,TN,Tunisia,Tunis,AF,.tn,TND,Dinar,216,,,ar-TN fr,DZ LY,"Sun, 09 Apr 2023 21:14:54 GMT"
,780580,77804122,TR,Turkey,Ankara,AS,.tr,TRY,Lira,90,,,tr-TR ku diq az av,SY GE IQ IR GR AM AZ BG,"Sun, 09 Apr 2023 21:14:54 GMT"
,488100,4940916,TM,Turkmenistan,Ashgabat,AS,.tm,TMT,Manat,993,,,tk ru uz,AF IR UZ KZ,"Sun, 09 Apr 2023 21:14:54 GMT"
,430,20556,TC,Turks and Caicos Islands,Cockburn Town,NA,.tc,USD,Dollar,+1-649,,,en-TC,,"Sun, 09 Apr 2023 21:14:54 GMT"
,26,10472,TV,Tuvalu,Funafuti,OC,.tv,AUD,Dollar,688,,,tvl en sm gil,,"Sun, 09 Apr 2023 21:14:54 GMT"
,352,108708,VI,U.S. Virgin Islands,Charlotte Amalie,NA,.vi,USD,Dollar,+1-340,,,en-VI,,"Sun, 09 Apr 2023 21:14:54 GMT"
,236040,33398682,UG,Uganda,Kampala,AF,.ug,UGX,Shilling,256,,,en-UG lg sw ar,TZ KE SS CD RW,"Sun, 09 Apr 2023 21:14:54 GMT"
,603700,45415596,UA,Ukraine,Kiev,EU,.ua,UAH,Hryvnia,380,,,uk ru-UA rom pl hu,PL MD HU SK BY RO RU,"Sun, 09 Apr 2023 21:14:55 GMT"
,82880,4975593,AE,United Arab Emirates,Abu Dhabi,AS,.ae,AED,Dirham,971,,,ar-AE fa en hi ur,SA OM,"Sun, 09 Apr 2023 21:14:55 GMT"
,244820,62348447,GB,United Kingdom,London,EU,.uk,GBP,Pound,44,,,en-GB cy-GB gd,IE,"Sun, 09 Apr 2023 21:14:55 GMT"
,9629091,310232863,US,United States,Washington,NA,.us,USD,Dollar,1,,,en-US es-US haw fr,CA MX CU,"Sun, 09 Apr 2023 21:14:55 GMT"
,0,0,UM,United States Minor Outlying Islands,,OC,.um,USD,Dollar,1,,,en-UM,,"Sun, 09 Apr 2023 21:14:55 GMT"
,176220,3477000,UY,Uruguay,Montevideo,SA,.uy,UYU,Peso,598,,,es-UY,BR AR,"Sun, 09 Apr 2023 21:14:55 GMT"
,447400,27865738,UZ,Uzbekistan,Tashkent,AS,.uz,UZS,Som,998,,,uz ru tg,TM AF KG TJ KZ,"Sun, 09 Apr 2023 21:14:55 GMT"
,12200,221552,VU,Vanuatu,Port Vila,OC,.vu,VUV,Vatu,678,,,bi en-VU fr-VU,,"Sun, 09 Apr 2023 21:14:55 GMT"
,0,921,VA,Vatican,Vatican City,EU,.va,EUR,Euro,379,,,la it fr,IT,"Sun, 09 Apr 2023 21:14:55 GMT"
,912050,27223228,VE,Venezuela,Caracas,SA,.ve,VEF,Bolivar,58,,,es-VE,GY BR CO,"Sun, 09 Apr 2023 21:14:56 GMT"
,329560,89571130,VN,Vietnam,Hanoi,AS,.vn,VND,Dong,84,,,vi en fr zh km,CN LA KH,"Sun, 09 Apr 2023 21:14:56 GMT"
,274,16025,WF,Wallis and Futuna,Mata Utu,OC,.wf,XPF,Franc,681,,,wls fud fr-WF,,"Sun, 09 Apr 2023 21:14:56 GMT"
,266000,273008,EH,Western Sahara,El-Aaiun,AF,.eh,MAD,Dirham,212,,,ar mey,DZ MR MA,"Sun, 09 Apr 2023 21:14:56 GMT"
,527970,23495361,YE,Yemen,Sanaa,AS,.ye,YER,Rial,967,,,ar-YE,SA OM,"Sun, 09 Apr 2023 21:14:56 GMT"
,752614,13460305,ZM,Zambia,Lusaka,AF,.zm,ZMW,Kwacha,260,,,en-ZM bem loz lun lue ny toi,ZW TZ MZ CD NA MW AO,"Sun, 09 Apr 2023 21:14:56 GMT"
,390580,11651858,ZW,Zimbabwe,Harare,AF,.zw,ZWL,Dollar,263,,,en-ZW sn nr nd,ZA MZ BW ZM,"Sun, 09 Apr 2023 21:14:56 GMT"
