,#,Name,Type 1,Type 2,Total,HP,Attack,Defense,Sp. Atk,Sp. Def,Speed
0,0001,Bulbasaur,Grass,Poison,318,45,49,49,65,65,45
1,0002,Ivysaur,Grass,Poison,405,60,62,63,80,80,60
2,0003,Venusaur,Grass,Poison,525,80,82,83,100,100,80
3,0003,Mega Venusaur,Grass,Poison,625,80,100,123,122,120,80
4,0004,Charmander,Fire,,309,39,52,43,60,50,65
5,0005,Charmeleon,Fire,,405,58,64,58,80,65,80
6,0006,Charizard,Fire,Flying,534,78,84,78,109,85,100
7,0006,Mega Charizard X,Fire,Dragon,634,78,130,111,130,85,100
8,0006,Mega Charizard Y,Fire,Flying,634,78,104,78,159,115,100
9,0007,Squirtle,Water,,314,44,48,65,50,64,43
10,0008,Wartortle,Water,,405,59,63,80,65,80,58
11,0009,Blastoise,Water,,530,79,83,100,85,105,78
12,0009,Mega Blastoise,Water,,630,79,103,120,135,115,78
13,0010,Caterpie,Bug,,195,45,30,35,20,20,45
14,0011,Metapod,Bug,,205,50,20,55,25,25,30
15,0012,Butterfree,Bug,Flying,395,60,45,50,90,80,70
16,0013,Weedle,Bug,Poison,195,40,35,30,20,20,50
17,0014,Kakuna,Bug,Poison,205,45,25,50,25,25,35
18,0015,Beedrill,Bug,Poison,395,65,90,40,45,80,75
19,0015,Mega Beedrill,Bug,Poison,495,65,150,40,15,80,145
20,0016,Pidgey,Normal,Flying,251,40,45,40,35,35,56
21,0017,Pidgeotto,Normal,Flying,349,63,60,55,50,50,71
22,0018,Pidgeot,Normal,Flying,479,83,80,75,70,70,101
23,0018,Mega Pidgeot,Normal,Flying,579,83,80,80,135,80,121
24,0019,Rattata,Normal,,253,30,56,35,25,35,72
25,0019,Alolan Rattata,Dark,Normal,253,30,56,35,25,35,72
26,0020,Raticate,Normal,,413,55,81,60,50,70,97
27,0020,Alolan Raticate,Dark,Normal,413,75,71,70,40,80,77
28,0021,Spearow,Normal,Flying,262,40,60,30,31,31,70
29,0022,Fearow,Normal,Flying,442,65,90,65,61,61,100
30,0023,Ekans,Poison,,288,35,60,44,40,54,55
31,0024,Arbok,Poison,,448,60,95,69,65,79,80
32,0025,Pikachu,Electric,,320,35,55,40,50,50,90
33,0025,Partner Pikachu,Electric,,430,45,80,50,75,60,120
34,0026,Raichu,Electric,,485,60,90,55,90,80,110
35,0026,Alolan Raichu,Electric,Psychic,485,60,85,50,95,85,110
36,0027,Sandshrew,Ground,,300,50,75,85,20,30,40
37,0027,Alolan Sandshrew,Ice,Steel,300,50,75,90,10,35,40
38,0028,Sandslash,Ground,,450,75,100,110,45,55,65
39,0028,Alolan Sandslash,Ice,Steel,450,75,100,120,25,65,65
40,0029,Nidoran♀,Poison,,275,55,47,52,40,40,41
41,0030,Nidorina,Poison,,365,70,62,67,55,55,56
42,0031,Nidoqueen,Poison,Ground,505,90,92,87,75,85,76
43,0032,Nidoran♂,Poison,,273,46,57,40,40,40,50
44,0033,Nidorino,Poison,,365,61,72,57,55,55,65
45,0034,Nidoking,Poison,Ground,505,81,102,77,85,75,85
46,0035,Clefairy,Fairy,,323,70,45,48,60,65,35
47,0036,Clefable,Fairy,,483,95,70,73,95,90,60
48,0037,Vulpix,Fire,,299,38,41,40,50,65,65
49,0037,Alolan Vulpix,Ice,,299,38,41,40,50,65,65
50,0038,Ninetales,Fire,,505,73,76,75,81,100,100
51,0038,Alolan Ninetales,Ice,Fairy,505,73,67,75,81,100,109
52,0039,Jigglypuff,Normal,Fairy,270,115,45,20,45,25,20
53,0040,Wigglytuff,Normal,Fairy,435,140,70,45,85,50,45
54,0041,Zubat,Poison,Flying,245,40,45,35,30,40,55
55,0042,Golbat,Poison,Flying,455,75,80,70,65,75,90
56,0043,Oddish,Grass,Poison,320,45,50,55,75,65,30
57,0044,Gloom,Grass,Poison,395,60,65,70,85,75,40
58,0045,Vileplume,Grass,Poison,490,75,80,85,110,90,50
59,0046,Paras,Bug,Grass,285,35,70,55,45,55,25
60,0047,Parasect,Bug,Grass,405,60,95,80,60,80,30
61,0048,Venonat,Bug,Poison,305,60,55,50,40,55,45
62,0049,Venomoth,Bug,Poison,450,70,65,60,90,75,90
63,0050,Diglett,Ground,,265,10,55,25,35,45,95
64,0050,Alolan Diglett,Ground,Steel,265,10,55,30,35,45,90
65,0051,Dugtrio,Ground,,425,35,100,50,50,70,120
66,0051,Alolan Dugtrio,Ground,Steel,425,35,100,60,50,70,110
67,0052,Meowth,Normal,,290,40,45,35,40,40,90
68,0052,Alolan Meowth,Dark,,290,40,35,35,50,40,90
69,0052,Galarian Meowth,Steel,,290,50,65,55,40,40,40
70,0053,Persian,Normal,,440,65,70,60,65,65,115
71,0053,Alolan Persian,Dark,,440,65,60,60,75,65,115
72,0054,Psyduck,Water,,320,50,52,48,65,50,55
73,0055,Golduck,Water,,500,80,82,78,95,80,85
74,0056,Mankey,Fighting,,305,40,80,35,35,45,70
75,0057,Primeape,Fighting,,455,65,105,60,60,70,95
76,0058,Growlithe,Fire,,350,55,70,45,70,50,60
77,0058,Hisuian Growlithe,Fire,Rock,350,60,75,45,65,50,55
78,0059,Arcanine,Fire,,555,90,110,80,100,80,95
79,0059,Hisuian Arcanine,Fire,Rock,555,95,115,80,95,80,90
80,0060,Poliwag,Water,,300,40,50,40,40,40,90
81,0061,Poliwhirl,Water,,385,65,65,65,50,50,90
82,0062,Poliwrath,Water,Fighting,510,90,95,95,70,90,70
83,0063,Abra,Psychic,,310,25,20,15,105,55,90
84,0064,Kadabra,Psychic,,400,40,35,30,120,70,105
85,0065,Alakazam,Psychic,,500,55,50,45,135,95,120
86,0065,Mega Alakazam,Psychic,,600,55,50,65,175,105,150
87,0066,Machop,Fighting,,305,70,80,50,35,35,35
88,0067,Machoke,Fighting,,405,80,100,70,50,60,45
89,0068,Machamp,Fighting,,505,90,130,80,65,85,55
90,0069,Bellsprout,Grass,Poison,300,50,75,35,70,30,40
91,0070,Weepinbell,Grass,Poison,390,65,90,50,85,45,55
92,0071,Victreebel,Grass,Poison,490,80,105,65,100,70,70
93,0072,Tentacool,Water,Poison,335,40,40,35,50,100,70
94,0073,Tentacruel,Water,Poison,515,80,70,65,80,120,100
95,0074,Geodude,Rock,Ground,300,40,80,100,30,30,20
96,0074,Alolan Geodude,Rock,Electric,300,40,80,100,30,30,20
97,0075,Graveler,Rock,Ground,390,55,95,115,45,45,35
98,0075,Alolan Graveler,Rock,Electric,390,55,95,115,45,45,35
99,0076,Golem,Rock,Ground,495,80,120,130,55,65,45
100,0076,Alolan Golem,Rock,Electric,495,80,120,130,55,65,45
101,0077,Ponyta,Fire,,410,50,85,55,65,65,90
102,0077,Galarian Ponyta,Psychic,,410,50,85,55,65,65,90
103,0078,Rapidash,Fire,,500,65,100,70,80,80,105
104,0078,Galarian Rapidash,Psychic,Fairy,500,65,100,70,80,80,105
105,0079,Slowpoke,Water,Psychic,315,90,65,65,40,40,15
106,0079,Galarian Slowpoke,Psychic,,315,90,65,65,40,40,15
107,0080,Slowbro,Water,Psychic,490,95,75,110,100,80,30
108,0080,Mega Slowbro,Water,Psychic,590,95,75,180,130,80,30
109,0080,Galarian Slowbro,Poison,Psychic,490,95,100,95,100,70,30
110,0081,Magnemite,Electric,Steel,325,25,35,70,95,55,45
111,0082,Magneton,Electric,Steel,465,50,60,95,120,70,70
112,0083,Farfetch'd,Normal,Flying,377,52,90,55,58,62,60
113,0083,Galarian Farfetch'd,Fighting,,377,52,95,55,58,62,55
114,0084,Doduo,Normal,Flying,310,35,85,45,35,35,75
115,0085,Dodrio,Normal,Flying,470,60,110,70,60,60,110
116,0086,Seel,Water,,325,65,45,55,45,70,45
117,0087,Dewgong,Water,Ice,475,90,70,80,70,95,70
118,0088,Grimer,Poison,,325,80,80,50,40,50,25
119,0088,Alolan Grimer,Poison,Dark,325,80,80,50,40,50,25
120,0089,Muk,Poison,,500,105,105,75,65,100,50
121,0089,Alolan Muk,Poison,Dark,500,105,105,75,65,100,50
122,0090,Shellder,Water,,305,30,65,100,45,25,40
123,0091,Cloyster,Water,Ice,525,50,95,180,85,45,70
124,0092,Gastly,Ghost,Poison,310,30,35,30,100,35,80
125,0093,Haunter,Ghost,Poison,405,45,50,45,115,55,95
126,0094,Gengar,Ghost,Poison,500,60,65,60,130,75,110
127,0094,Mega Gengar,Ghost,Poison,600,60,65,80,170,95,130
128,0095,Onix,Rock,Ground,385,35,45,160,30,45,70
129,0096,Drowzee,Psychic,,328,60,48,45,43,90,42
130,0097,Hypno,Psychic,,483,85,73,70,73,115,67
131,0098,Krabby,Water,,325,30,105,90,25,25,50
132,0099,Kingler,Water,,475,55,130,115,50,50,75
133,0100,Voltorb,Electric,,330,40,30,50,55,55,100
134,0100,Hisuian Voltorb,Electric,Grass,330,40,30,50,55,55,100
135,0101,Electrode,Electric,,490,60,50,70,80,80,150
136,0101,Hisuian Electrode,Electric,Grass,490,60,50,70,80,80,150
137,0102,Exeggcute,Grass,Psychic,325,60,40,80,60,45,40
138,0103,Exeggutor,Grass,Psychic,530,95,95,85,125,75,55
139,0103,Alolan Exeggutor,Grass,Dragon,530,95,105,85,125,75,45
140,0104,Cubone,Ground,,320,50,50,95,40,50,35
141,0105,Marowak,Ground,,425,60,80,110,50,80,45
142,0105,Alolan Marowak,Fire,Ghost,425,60,80,110,50,80,45
143,0106,Hitmonlee,Fighting,,455,50,120,53,35,110,87
144,0107,Hitmonchan,Fighting,,455,50,105,79,35,110,76
145,0108,Lickitung,Normal,,385,90,55,75,60,75,30
146,0109,Koffing,Poison,,340,40,65,95,60,45,35
147,0110,Weezing,Poison,,490,65,90,120,85,70,60
148,0110,Galarian Weezing,Poison,Fairy,490,65,90,120,85,70,60
149,0111,Rhyhorn,Ground,Rock,345,80,85,95,30,30,25
150,0112,Rhydon,Ground,Rock,485,105,130,120,45,45,40
151,0113,Chansey,Normal,,450,250,5,5,35,105,50
152,0114,Tangela,Grass,,435,65,55,115,100,40,60
153,0115,Kangaskhan,Normal,,490,105,95,80,40,80,90
154,0115,Mega Kangaskhan,Normal,,590,105,125,100,60,100,100
155,0116,Horsea,Water,,295,30,40,70,70,25,60
156,0117,Seadra,Water,,440,55,65,95,95,45,85
157,0118,Goldeen,Water,,320,45,67,60,35,50,63
158,0119,Seaking,Water,,450,80,92,65,65,80,68
159,0120,Staryu,Water,,340,30,45,55,70,55,85
160,0121,Starmie,Water,Psychic,520,60,75,85,100,85,115
161,0122,Mr. Mime,Psychic,Fairy,460,40,45,65,100,120,90
162,0122,Mime Galarian Mr. Mime,Ice,Psychic,460,50,65,65,90,90,100
163,0123,Scyther,Bug,Flying,500,70,110,80,55,80,105
164,0124,Jynx,Ice,Psychic,455,65,50,35,115,95,95
165,0125,Electabuzz,Electric,,490,65,83,57,95,85,105
166,0126,Magmar,Fire,,495,65,95,57,100,85,93
167,0127,Pinsir,Bug,,500,65,125,100,55,70,85
168,0127,Mega Pinsir,Bug,Flying,600,65,155,120,65,90,105
169,0128,Tauros,Normal,,490,75,100,95,40,70,110
170,0128,Tauros Combat Breed,Fighting,,490,75,110,105,30,70,100
171,0128,Tauros Blaze Breed,Fighting,Fire,490,75,110,105,30,70,100
172,0128,Tauros Aqua Breed,Fighting,Water,490,75,110,105,30,70,100
173,0129,Magikarp,Water,,200,20,10,55,15,20,80
174,0130,Gyarados,Water,Flying,540,95,125,79,60,100,81
175,0130,Mega Gyarados,Water,Dark,640,95,155,109,70,130,81
176,0131,Lapras,Water,Ice,535,130,85,80,85,95,60
177,0132,Ditto,Normal,,288,48,48,48,48,48,48
178,0133,Eevee,Normal,,325,55,55,50,45,65,55
179,0133,Partner Eevee,Normal,,435,65,75,70,65,85,75
180,0134,Vaporeon,Water,,525,130,65,60,110,95,65
181,0135,Jolteon,Electric,,525,65,65,60,110,95,130
182,0136,Flareon,Fire,,525,65,130,60,95,110,65
183,0137,Porygon,Normal,,395,65,60,70,85,75,40
184,0138,Omanyte,Rock,Water,355,35,40,100,90,55,35
185,0139,Omastar,Rock,Water,495,70,60,125,115,70,55
186,0140,Kabuto,Rock,Water,355,30,80,90,55,45,55
187,0141,Kabutops,Rock,Water,495,60,115,105,65,70,80
188,0142,Aerodactyl,Rock,Flying,515,80,105,65,60,75,130
189,0142,Mega Aerodactyl,Rock,Flying,615,80,135,85,70,95,150
190,0143,Snorlax,Normal,,540,160,110,65,65,110,30
191,0144,Articuno,Ice,Flying,580,90,85,100,95,125,85
192,0144,Galarian Articuno,Psychic,Flying,580,90,85,85,125,100,95
193,0145,Zapdos,Electric,Flying,580,90,90,85,125,90,100
194,0145,Galarian Zapdos,Fighting,Flying,580,90,125,90,85,90,100
195,0146,Moltres,Fire,Flying,580,90,100,90,125,85,90
196,0146,Galarian Moltres,Dark,Flying,580,90,85,90,100,125,90
197,0147,Dratini,Dragon,,300,41,64,45,50,50,50
198,0148,Dragonair,Dragon,,420,61,84,65,70,70,70
199,0149,Dragonite,Dragon,Flying,600,91,134,95,100,100,80
200,0150,Mewtwo,Psychic,,680,106,110,90,154,90,130
201,0150,Mega Mewtwo X,Psychic,Fighting,780,106,190,100,154,100,130
202,0150,Mega Mewtwo Y,Psychic,,780,106,150,70,194,120,140
203,0151,Mew,Psychic,,600,100,100,100,100,100,100
204,0152,Chikorita,Grass,,318,45,49,65,49,65,45
205,0153,Bayleef,Grass,,405,60,62,80,63,80,60
206,0154,Meganium,Grass,,525,80,82,100,83,100,80
207,0155,Cyndaquil,Fire,,309,39,52,43,60,50,65
208,0156,Quilava,Fire,,405,58,64,58,80,65,80
209,0157,Typhlosion,Fire,,534,78,84,78,109,85,100
210,0157,Hisuian Typhlosion,Fire,Ghost,534,73,84,78,119,85,95
211,0158,Totodile,Water,,314,50,65,64,44,48,43
212,0159,Croconaw,Water,,405,65,80,80,59,63,58
213,0160,Feraligatr,Water,,530,85,105,100,79,83,78
214,0161,Sentret,Normal,,215,35,46,34,35,45,20
215,0162,Furret,Normal,,415,85,76,64,45,55,90
216,0163,Hoothoot,Normal,Flying,262,60,30,30,36,56,50
217,0164,Noctowl,Normal,Flying,452,100,50,50,86,96,70
218,0165,Ledyba,Bug,Flying,265,40,20,30,40,80,55
219,0166,Ledian,Bug,Flying,390,55,35,50,55,110,85
220,0167,Spinarak,Bug,Poison,250,40,60,40,40,40,30
221,0168,Ariados,Bug,Poison,400,70,90,70,60,70,40
222,0169,Crobat,Poison,Flying,535,85,90,80,70,80,130
223,0170,Chinchou,Water,Electric,330,75,38,38,56,56,67
224,0171,Lanturn,Water,Electric,460,125,58,58,76,76,67
225,0172,Pichu,Electric,,205,20,40,15,35,35,60
226,0173,Cleffa,Fairy,,218,50,25,28,45,55,15
227,0174,Igglybuff,Normal,Fairy,210,90,30,15,40,20,15
228,0175,Togepi,Fairy,,245,35,20,65,40,65,20
229,0176,Togetic,Fairy,Flying,405,55,40,85,80,105,40
230,0177,Natu,Psychic,Flying,320,40,50,45,70,45,70
231,0178,Xatu,Psychic,Flying,470,65,75,70,95,70,95
232,0179,Mareep,Electric,,280,55,40,40,65,45,35
233,0180,Flaaffy,Electric,,365,70,55,55,80,60,45
234,0181,Ampharos,Electric,,510,90,75,85,115,90,55
235,0181,Mega Ampharos,Electric,Dragon,610,90,95,105,165,110,45
236,0182,Bellossom,Grass,,490,75,80,95,90,100,50
237,0183,Marill,Water,Fairy,250,70,20,50,20,50,40
238,0184,Azumarill,Water,Fairy,420,100,50,80,60,80,50
239,0185,Sudowoodo,Rock,,410,70,100,115,30,65,30
240,0186,Politoed,Water,,500,90,75,75,90,100,70
241,0187,Hoppip,Grass,Flying,250,35,35,40,35,55,50
242,0188,Skiploom,Grass,Flying,340,55,45,50,45,65,80
243,0189,Jumpluff,Grass,Flying,460,75,55,70,55,95,110
244,0190,Aipom,Normal,,360,55,70,55,40,55,85
245,0191,Sunkern,Grass,,180,30,30,30,30,30,30
246,0192,Sunflora,Grass,,425,75,75,55,105,85,30
247,0193,Yanma,Bug,Flying,390,65,65,45,75,45,95
248,0194,Wooper,Water,Ground,210,55,45,45,25,25,15
249,0194,Paldean Wooper,Poison,Ground,210,55,45,45,25,25,15
250,0195,Quagsire,Water,Ground,430,95,85,85,65,65,35
251,0196,Espeon,Psychic,,525,65,65,60,130,95,110
252,0197,Umbreon,Dark,,525,95,65,110,60,130,65
253,0198,Murkrow,Dark,Flying,405,60,85,42,85,42,91
254,0199,Slowking,Water,Psychic,490,95,75,80,100,110,30
255,0199,Galarian Slowking,Poison,Psychic,490,95,65,80,110,110,30
256,0200,Misdreavus,Ghost,,435,60,60,60,85,85,85
257,0201,Unown,Psychic,,336,48,72,48,72,48,48
258,0202,Wobbuffet,Psychic,,405,190,33,58,33,58,33
259,0203,Girafarig,Normal,Psychic,455,70,80,65,90,65,85
260,0204,Pineco,Bug,,290,50,65,90,35,35,15
261,0205,Forretress,Bug,Steel,465,75,90,140,60,60,40
262,0206,Dunsparce,Normal,,415,100,70,70,65,65,45
263,0207,Gligar,Ground,Flying,430,65,75,105,35,65,85
264,0208,Steelix,Steel,Ground,510,75,85,200,55,65,30
265,0208,Mega Steelix,Steel,Ground,610,75,125,230,55,95,30
266,0209,Snubbull,Fairy,,300,60,80,50,40,40,30
267,0210,Granbull,Fairy,,450,90,120,75,60,60,45
268,0211,Qwilfish,Water,Poison,440,65,95,85,55,55,85
269,0211,Hisuian Qwilfish,Dark,Poison,440,65,95,85,55,55,85
270,0212,Scizor,Bug,Steel,500,70,130,100,55,80,65
271,0212,Mega Scizor,Bug,Steel,600,70,150,140,65,100,75
272,0213,Shuckle,Bug,Rock,505,20,10,230,10,230,5
273,0214,Heracross,Bug,Fighting,500,80,125,75,40,95,85
274,0214,Mega Heracross,Bug,Fighting,600,80,185,115,40,105,75
275,0215,Sneasel,Dark,Ice,430,55,95,55,35,75,115
276,0215,Hisuian Sneasel,Fighting,Poison,430,55,95,55,35,75,115
277,0216,Teddiursa,Normal,,330,60,80,50,50,50,40
278,0217,Ursaring,Normal,,500,90,130,75,75,75,55
279,0218,Slugma,Fire,,250,40,40,40,70,40,20
280,0219,Magcargo,Fire,Rock,430,60,50,120,90,80,30
281,0220,Swinub,Ice,Ground,250,50,50,40,30,30,50
282,0221,Piloswine,Ice,Ground,450,100,100,80,60,60,50
283,0222,Corsola,Water,Rock,410,65,55,95,65,95,35
284,0222,Galarian Corsola,Ghost,,410,60,55,100,65,100,30
285,0223,Remoraid,Water,,300,35,65,35,65,35,65
286,0224,Octillery,Water,,480,75,105,75,105,75,45
287,0225,Delibird,Ice,Flying,330,45,55,45,65,45,75
288,0226,Mantine,Water,Flying,485,85,40,70,80,140,70
289,0227,Skarmory,Steel,Flying,465,65,80,140,40,70,70
290,0228,Houndour,Dark,Fire,330,45,60,30,80,50,65
291,0229,Houndoom,Dark,Fire,500,75,90,50,110,80,95
292,0229,Mega Houndoom,Dark,Fire,600,75,90,90,140,90,115
293,0230,Kingdra,Water,Dragon,540,75,95,95,95,95,85
294,0231,Phanpy,Ground,,330,90,60,60,40,40,40
295,0232,Donphan,Ground,,500,90,120,120,60,60,50
296,0233,Porygon2,Normal,,515,85,80,90,105,95,60
297,0234,Stantler,Normal,,465,73,95,62,85,65,85
298,0235,Smeargle,Normal,,250,55,20,35,20,45,75
299,0236,Tyrogue,Fighting,,210,35,35,35,35,35,35
300,0237,Hitmontop,Fighting,,455,50,95,95,35,110,70
301,0238,Smoochum,Ice,Psychic,305,45,30,15,85,65,65
302,0239,Elekid,Electric,,360,45,63,37,65,55,95
303,0240,Magby,Fire,,365,45,75,37,70,55,83
304,0241,Miltank,Normal,,490,95,80,105,40,70,100
305,0242,Blissey,Normal,,540,255,10,10,75,135,55
306,0243,Raikou,Electric,,580,90,85,75,115,100,115
307,0244,Entei,Fire,,580,115,115,85,90,75,100
308,0245,Suicune,Water,,580,100,75,115,90,115,85
309,0246,Larvitar,Rock,Ground,300,50,64,50,45,50,41
310,0247,Pupitar,Rock,Ground,410,70,84,70,65,70,51
311,0248,Tyranitar,Rock,Dark,600,100,134,110,95,100,61
312,0248,Mega Tyranitar,Rock,Dark,700,100,164,150,95,120,71
313,0249,Lugia,Psychic,Flying,680,106,90,130,90,154,110
314,0250,Ho-oh,Fire,Flying,680,106,130,90,110,154,90
315,0251,Celebi,Psychic,Grass,600,100,100,100,100,100,100
316,0252,Treecko,Grass,,310,40,45,35,65,55,70
317,0253,Grovyle,Grass,,405,50,65,45,85,65,95
318,0254,Sceptile,Grass,,530,70,85,65,105,85,120
319,0254,Mega Sceptile,Grass,Dragon,630,70,110,75,145,85,145
320,0255,Torchic,Fire,,310,45,60,40,70,50,45
321,0256,Combusken,Fire,Fighting,405,60,85,60,85,60,55
322,0257,Blaziken,Fire,Fighting,530,80,120,70,110,70,80
323,0257,Mega Blaziken,Fire,Fighting,630,80,160,80,130,80,100
324,0258,Mudkip,Water,,310,50,70,50,50,50,40
325,0259,Marshtomp,Water,Ground,405,70,85,70,60,70,50
326,0260,Swampert,Water,Ground,535,100,110,90,85,90,60
327,0260,Mega Swampert,Water,Ground,635,100,150,110,95,110,70
328,0261,Poochyena,Dark,,220,35,55,35,30,30,35
329,0262,Mightyena,Dark,,420,70,90,70,60,60,70
330,0263,Zigzagoon,Normal,,240,38,30,41,30,41,60
331,0263,Galarian Zigzagoon,Dark,Normal,240,38,30,41,30,41,60
332,0264,Linoone,Normal,,420,78,70,61,50,61,100
333,0264,Galarian Linoone,Dark,Normal,420,78,70,61,50,61,100
334,0265,Wurmple,Bug,,195,45,45,35,20,30,20
335,0266,Silcoon,Bug,,205,50,35,55,25,25,15
336,0267,Beautifly,Bug,Flying,395,60,70,50,100,50,65
337,0268,Cascoon,Bug,,205,50,35,55,25,25,15
338,0269,Dustox,Bug,Poison,385,60,50,70,50,90,65
339,0270,Lotad,Water,Grass,220,40,30,30,40,50,30
340,0271,Lombre,Water,Grass,340,60,50,50,60,70,50
341,0272,Ludicolo,Water,Grass,480,80,70,70,90,100,70
342,0273,Seedot,Grass,,220,40,40,50,30,30,30
343,0274,Nuzleaf,Grass,Dark,340,70,70,40,60,40,60
344,0275,Shiftry,Grass,Dark,480,90,100,60,90,60,80
345,0276,Taillow,Normal,Flying,270,40,55,30,30,30,85
346,0277,Swellow,Normal,Flying,455,60,85,60,75,50,125
347,0278,Wingull,Water,Flying,270,40,30,30,55,30,85
348,0279,Pelipper,Water,Flying,440,60,50,100,95,70,65
349,0280,Ralts,Psychic,Fairy,198,28,25,25,45,35,40
350,0281,Kirlia,Psychic,Fairy,278,38,35,35,65,55,50
351,0282,Gardevoir,Psychic,Fairy,518,68,65,65,125,115,80
352,0282,Mega Gardevoir,Psychic,Fairy,618,68,85,65,165,135,100
353,0283,Surskit,Bug,Water,269,40,30,32,50,52,65
354,0284,Masquerain,Bug,Flying,454,70,60,62,100,82,80
355,0285,Shroomish,Grass,,295,60,40,60,40,60,35
356,0286,Breloom,Grass,Fighting,460,60,130,80,60,60,70
357,0287,Slakoth,Normal,,280,60,60,60,35,35,30
358,0288,Vigoroth,Normal,,440,80,80,80,55,55,90
359,0289,Slaking,Normal,,670,150,160,100,95,65,100
360,0290,Nincada,Bug,Ground,266,31,45,90,30,30,40
361,0291,Ninjask,Bug,Flying,456,61,90,45,50,50,160
362,0292,Shedinja,Bug,Ghost,236,1,90,45,30,30,40
363,0293,Whismur,Normal,,240,64,51,23,51,23,28
364,0294,Loudred,Normal,,360,84,71,43,71,43,48
365,0295,Exploud,Normal,,490,104,91,63,91,73,68
366,0296,Makuhita,Fighting,,237,72,60,30,20,30,25
367,0297,Hariyama,Fighting,,474,144,120,60,40,60,50
368,0298,Azurill,Normal,Fairy,190,50,20,40,20,40,20
369,0299,Nosepass,Rock,,375,30,45,135,45,90,30
370,0300,Skitty,Normal,,260,50,45,45,35,35,50
371,0301,Delcatty,Normal,,400,70,65,65,55,55,90
372,0302,Sableye,Dark,Ghost,380,50,75,75,65,65,50
373,0302,Mega Sableye,Dark,Ghost,480,50,85,125,85,115,20
374,0303,Mawile,Steel,Fairy,380,50,85,85,55,55,50
375,0303,Mega Mawile,Steel,Fairy,480,50,105,125,55,95,50
376,0304,Aron,Steel,Rock,330,50,70,100,40,40,30
377,0305,Lairon,Steel,Rock,430,60,90,140,50,50,40
378,0306,Aggron,Steel,Rock,530,70,110,180,60,60,50
379,0306,Mega Aggron,Steel,,630,70,140,230,60,80,50
380,0307,Meditite,Fighting,Psychic,280,30,40,55,40,55,60
381,0308,Medicham,Fighting,Psychic,410,60,60,75,60,75,80
382,0308,Mega Medicham,Fighting,Psychic,510,60,100,85,80,85,100
383,0309,Electrike,Electric,,295,40,45,40,65,40,65
384,0310,Manectric,Electric,,475,70,75,60,105,60,105
385,0310,Mega Manectric,Electric,,575,70,75,80,135,80,135
386,0311,Plusle,Electric,,405,60,50,40,85,75,95
387,0312,Minun,Electric,,405,60,40,50,75,85,95
388,0313,Volbeat,Bug,,430,65,73,75,47,85,85
389,0314,Illumise,Bug,,430,65,47,75,73,85,85
390,0315,Roselia,Grass,Poison,400,50,60,45,100,80,65
391,0316,Gulpin,Poison,,302,70,43,53,43,53,40
392,0317,Swalot,Poison,,467,100,73,83,73,83,55
393,0318,Carvanha,Water,Dark,305,45,90,20,65,20,65
394,0319,Sharpedo,Water,Dark,460,70,120,40,95,40,95
395,0319,Mega Sharpedo,Water,Dark,560,70,140,70,110,65,105
396,0320,Wailmer,Water,,400,130,70,35,70,35,60
397,0321,Wailord,Water,,500,170,90,45,90,45,60
398,0322,Numel,Fire,Ground,305,60,60,40,65,45,35
399,0323,Camerupt,Fire,Ground,460,70,100,70,105,75,40
400,0323,Mega Camerupt,Fire,Ground,560,70,120,100,145,105,20
401,0324,Torkoal,Fire,,470,70,85,140,85,70,20
402,0325,Spoink,Psychic,,330,60,25,35,70,80,60
403,0326,Grumpig,Psychic,,470,80,45,65,90,110,80
404,0327,Spinda,Normal,,360,60,60,60,60,60,60
405,0328,Trapinch,Ground,,290,45,100,45,45,45,10
406,0329,Vibrava,Ground,Dragon,340,50,70,50,50,50,70
407,0330,Flygon,Ground,Dragon,520,80,100,80,80,80,100
408,0331,Cacnea,Grass,,335,50,85,40,85,40,35
409,0332,Cacturne,Grass,Dark,475,70,115,60,115,60,55
410,0333,Swablu,Normal,Flying,310,45,40,60,40,75,50
411,0334,Altaria,Dragon,Flying,490,75,70,90,70,105,80
412,0334,Mega Altaria,Dragon,Fairy,590,75,110,110,110,105,80
413,0335,Zangoose,Normal,,458,73,115,60,60,60,90
414,0336,Seviper,Poison,,458,73,100,60,100,60,65
415,0337,Lunatone,Rock,Psychic,460,90,55,65,95,85,70
416,0338,Solrock,Rock,Psychic,460,90,95,85,55,65,70
417,0339,Barboach,Water,Ground,288,50,48,43,46,41,60
418,0340,Whiscash,Water,Ground,468,110,78,73,76,71,60
419,0341,Corphish,Water,,308,43,80,65,50,35,35
420,0342,Crawdaunt,Water,Dark,468,63,120,85,90,55,55
421,0343,Baltoy,Ground,Psychic,300,40,40,55,40,70,55
422,0344,Claydol,Ground,Psychic,500,60,70,105,70,120,75
423,0345,Lileep,Rock,Grass,355,66,41,77,61,87,23
424,0346,Cradily,Rock,Grass,495,86,81,97,81,107,43
425,0347,Anorith,Rock,Bug,355,45,95,50,40,50,75
426,0348,Armaldo,Rock,Bug,495,75,125,100,70,80,45
427,0349,Feebas,Water,,200,20,15,20,10,55,80
428,0350,Milotic,Water,,540,95,60,79,100,125,81
429,0351,Castform,Normal,,420,70,70,70,70,70,70
430,0351,Castform Sunny Form,Fire,,420,70,70,70,70,70,70
431,0351,Castform Rainy Form,Water,,420,70,70,70,70,70,70
432,0351,Castform Snowy Form,Ice,,420,70,70,70,70,70,70
433,0352,Kecleon,Normal,,440,60,90,70,60,120,40
434,0353,Shuppet,Ghost,,295,44,75,35,63,33,45
435,0354,Banette,Ghost,,455,64,115,65,83,63,65
436,0354,Mega Banette,Ghost,,555,64,165,75,93,83,75
437,0355,Duskull,Ghost,,295,20,40,90,30,90,25
438,0356,Dusclops,Ghost,,455,40,70,130,60,130,25
439,0357,Tropius,Grass,Flying,460,99,68,83,72,87,51
440,0358,Chimecho,Psychic,,455,75,50,80,95,90,65
441,0359,Absol,Dark,,465,65,130,60,75,60,75
442,0359,Mega Absol,Dark,,565,65,150,60,115,60,115
443,0360,Wynaut,Psychic,,260,95,23,48,23,48,23
444,0361,Snorunt,Ice,,300,50,50,50,50,50,50
445,0362,Glalie,Ice,,480,80,80,80,80,80,80
446,0362,Mega Glalie,Ice,,580,80,120,80,120,80,100
447,0363,Spheal,Ice,Water,290,70,40,50,55,50,25
448,0364,Sealeo,Ice,Water,410,90,60,70,75,70,45
449,0365,Walrein,Ice,Water,530,110,80,90,95,90,65
450,0366,Clamperl,Water,,345,35,64,85,74,55,32
451,0367,Huntail,Water,,485,55,104,105,94,75,52
452,0368,Gorebyss,Water,,485,55,84,105,114,75,52
453,0369,Relicanth,Water,Rock,485,100,90,130,45,65,55
454,0370,Luvdisc,Water,,330,43,30,55,40,65,97
455,0371,Bagon,Dragon,,300,45,75,60,40,30,50
456,0372,Shelgon,Dragon,,420,65,95,100,60,50,50
457,0373,Salamence,Dragon,Flying,600,95,135,80,110,80,100
458,0373,Mega Salamence,Dragon,Flying,700,95,145,130,120,90,120
459,0374,Beldum,Steel,Psychic,300,40,55,80,35,60,30
460,0375,Metang,Steel,Psychic,420,60,75,100,55,80,50
461,0376,Metagross,Steel,Psychic,600,80,135,130,95,90,70
462,0376,Mega Metagross,Steel,Psychic,700,80,145,150,105,110,110
463,0377,Regirock,Rock,,580,80,100,200,50,100,50
464,0378,Regice,Ice,,580,80,50,100,100,200,50
465,0379,Registeel,Steel,,580,80,75,150,75,150,50
466,0380,Latias,Dragon,Psychic,600,80,80,90,110,130,110
467,0380,Mega Latias,Dragon,Psychic,700,80,100,120,140,150,110
468,0381,Latios,Dragon,Psychic,600,80,90,80,130,110,110
469,0381,Mega Latios,Dragon,Psychic,700,80,130,100,160,120,110
470,0382,Kyogre,Water,,670,100,100,90,150,140,90
471,0382,Primal Kyogre,Water,,770,100,150,90,180,160,90
472,0383,Groudon,Ground,,670,100,150,140,100,90,90
473,0383,Primal Groudon,Ground,Fire,770,100,180,160,150,90,90
474,0384,Rayquaza,Dragon,Flying,680,105,150,90,150,90,95
475,0384,Mega Rayquaza,Dragon,Flying,780,105,180,100,180,100,115
476,0385,Jirachi,Steel,Psychic,600,100,100,100,100,100,100
477,0386,Deoxys Normal Forme,Psychic,,600,50,150,50,150,50,150
478,0386,Deoxys Attack Forme,Psychic,,600,50,180,20,180,20,150
479,0386,Deoxys Defense Forme,Psychic,,600,50,70,160,70,160,90
480,0386,Deoxys Speed Forme,Psychic,,600,50,95,90,95,90,180
481,0387,Turtwig,Grass,,318,55,68,64,45,55,31
482,0388,Grotle,Grass,,405,75,89,85,55,65,36
483,0389,Torterra,Grass,Ground,525,95,109,105,75,85,56
484,0390,Chimchar,Fire,,309,44,58,44,58,44,61
485,0391,Monferno,Fire,Fighting,405,64,78,52,78,52,81
486,0392,Infernape,Fire,Fighting,534,76,104,71,104,71,108
487,0393,Piplup,Water,,314,53,51,53,61,56,40
488,0394,Prinplup,Water,,405,64,66,68,81,76,50
489,0395,Empoleon,Water,Steel,530,84,86,88,111,101,60
490,0396,Starly,Normal,Flying,245,40,55,30,30,30,60
491,0397,Staravia,Normal,Flying,340,55,75,50,40,40,80
492,0398,Staraptor,Normal,Flying,485,85,120,70,50,60,100
493,0399,Bidoof,Normal,,250,59,45,40,35,40,31
494,0400,Bibarel,Normal,Water,410,79,85,60,55,60,71
495,0401,Kricketot,Bug,,194,37,25,41,25,41,25
496,0402,Kricketune,Bug,,384,77,85,51,55,51,65
497,0403,Shinx,Electric,,263,45,65,34,40,34,45
498,0404,Luxio,Electric,,363,60,85,49,60,49,60
499,0405,Luxray,Electric,,523,80,120,79,95,79,70
500,0406,Budew,Grass,Poison,280,40,30,35,50,70,55
501,0407,Roserade,Grass,Poison,515,60,70,65,125,105,90
502,0408,Cranidos,Rock,,350,67,125,40,30,30,58
503,0409,Rampardos,Rock,,495,97,165,60,65,50,58
504,0410,Shieldon,Rock,Steel,350,30,42,118,42,88,30
505,0411,Bastiodon,Rock,Steel,495,60,52,168,47,138,30
506,0412,Burmy Plant Cloak,Bug,,224,40,29,45,29,45,36
507,0412,Burmy Sandy Cloak,Bug,,224,40,29,45,29,45,36
508,0412,Burmy Trash Cloak,Bug,,224,40,29,45,29,45,36
509,0413,Wormadam Plant Cloak,Bug,Grass,424,60,59,85,79,105,36
510,0413,Wormadam Sandy Cloak,Bug,Ground,424,60,79,105,59,85,36
511,0413,Wormadam Trash Cloak,Bug,Steel,424,60,69,95,69,95,36
512,0414,Mothim,Bug,Flying,424,70,94,50,94,50,66
513,0415,Combee,Bug,Flying,244,30,30,42,30,42,70
514,0416,Vespiquen,Bug,Flying,474,70,80,102,80,102,40
515,0417,Pachirisu,Electric,,405,60,45,70,45,90,95
516,0418,Buizel,Water,,330,55,65,35,60,30,85
517,0419,Floatzel,Water,,495,85,105,55,85,50,115
518,0420,Cherubi,Grass,,275,45,35,45,62,53,35
519,0421,Cherrim,Grass,,450,70,60,70,87,78,85
520,0422,Shellos,Water,,325,76,48,48,57,62,34
521,0423,Gastrodon,Water,Ground,475,111,83,68,92,82,39
522,0424,Ambipom,Normal,,482,75,100,66,60,66,115
523,0425,Drifloon,Ghost,Flying,348,90,50,34,60,44,70
524,0426,Drifblim,Ghost,Flying,498,150,80,44,90,54,80
525,0427,Buneary,Normal,,350,55,66,44,44,56,85
526,0428,Lopunny,Normal,,480,65,76,84,54,96,105
527,0428,Mega Lopunny,Normal,Fighting,580,65,136,94,54,96,135
528,0429,Mismagius,Ghost,,495,60,60,60,105,105,105
529,0430,Honchkrow,Dark,Flying,505,100,125,52,105,52,71
530,0431,Glameow,Normal,,310,49,55,42,42,37,85
531,0432,Purugly,Normal,,452,71,82,64,64,59,112
532,0433,Chingling,Psychic,,285,45,30,50,65,50,45
533,0434,Stunky,Poison,Dark,329,63,63,47,41,41,74
534,0435,Skuntank,Poison,Dark,479,103,93,67,71,61,84
535,0436,Bronzor,Steel,Psychic,300,57,24,86,24,86,23
536,0437,Bronzong,Steel,Psychic,500,67,89,116,79,116,33
537,0438,Bonsly,Rock,,290,50,80,95,10,45,10
538,0439,Mime Jr.,Psychic,Fairy,310,20,25,45,70,90,60
539,0440,Happiny,Normal,,220,100,5,5,15,65,30
540,0441,Chatot,Normal,Flying,411,76,65,45,92,42,91
541,0442,Spiritomb,Ghost,Dark,485,50,92,108,92,108,35
542,0443,Gible,Dragon,Ground,300,58,70,45,40,45,42
543,0444,Gabite,Dragon,Ground,410,68,90,65,50,55,82
544,0445,Garchomp,Dragon,Ground,600,108,130,95,80,85,102
545,0445,Mega Garchomp,Dragon,Ground,700,108,170,115,120,95,92
546,0446,Munchlax,Normal,,390,135,85,40,40,85,5
547,0447,Riolu,Fighting,,285,40,70,40,35,40,60
548,0448,Lucario,Fighting,Steel,525,70,110,70,115,70,90
549,0448,Mega Lucario,Fighting,Steel,625,70,145,88,140,70,112
550,0449,Hippopotas,Ground,,330,68,72,78,38,42,32
551,0450,Hippowdon,Ground,,525,108,112,118,68,72,47
552,0451,Skorupi,Poison,Bug,330,40,50,90,30,55,65
553,0452,Drapion,Poison,Dark,500,70,90,110,60,75,95
554,0453,Croagunk,Poison,Fighting,300,48,61,40,61,40,50
555,0454,Toxicroak,Poison,Fighting,490,83,106,65,86,65,85
556,0455,Carnivine,Grass,,454,74,100,72,90,72,46
557,0456,Finneon,Water,,330,49,49,56,49,61,66
558,0457,Lumineon,Water,,460,69,69,76,69,86,91
559,0458,Mantyke,Water,Flying,345,45,20,50,60,120,50
560,0459,Snover,Grass,Ice,334,60,62,50,62,60,40
561,0460,Abomasnow,Grass,Ice,494,90,92,75,92,85,60
562,0460,Mega Abomasnow,Grass,Ice,594,90,132,105,132,105,30
563,0461,Weavile,Dark,Ice,510,70,120,65,45,85,125
564,0462,Magnezone,Electric,Steel,535,70,70,115,130,90,60
565,0463,Lickilicky,Normal,,515,110,85,95,80,95,50
566,0464,Rhyperior,Ground,Rock,535,115,140,130,55,55,40
567,0465,Tangrowth,Grass,,535,100,100,125,110,50,50
568,0466,Electivire,Electric,,540,75,123,67,95,85,95
569,0467,Magmortar,Fire,,540,75,95,67,125,95,83
570,0468,Togekiss,Fairy,Flying,545,85,50,95,120,115,80
571,0469,Yanmega,Bug,Flying,515,86,76,86,116,56,95
572,0470,Leafeon,Grass,,525,65,110,130,60,65,95
573,0471,Glaceon,Ice,,525,65,60,110,130,95,65
574,0472,Gliscor,Ground,Flying,510,75,95,125,45,75,95
575,0473,Mamoswine,Ice,Ground,530,110,130,80,70,60,80
576,0474,Porygon-Z,Normal,,535,85,80,70,135,75,90
577,0475,Gallade,Psychic,Fighting,518,68,125,65,65,115,80
578,0475,Mega Gallade,Psychic,Fighting,618,68,165,95,65,115,110
579,0476,Probopass,Rock,Steel,525,60,55,145,75,150,40
580,0477,Dusknoir,Ghost,,525,45,100,135,65,135,45
581,0478,Froslass,Ice,Ghost,480,70,80,70,80,70,110
582,0479,Rotom,Electric,Ghost,440,50,50,77,95,77,91
583,0479,Heat Rotom,Electric,Fire,520,50,65,107,105,107,86
584,0479,Wash Rotom,Electric,Water,520,50,65,107,105,107,86
585,0479,Frost Rotom,Electric,Ice,520,50,65,107,105,107,86
586,0479,Fan Rotom,Electric,Flying,520,50,65,107,105,107,86
587,0479,Mow Rotom,Electric,Grass,520,50,65,107,105,107,86
588,0480,Uxie,Psychic,,580,75,75,130,75,130,95
589,0481,Mesprit,Psychic,,580,80,105,105,105,105,80
590,0482,Azelf,Psychic,,580,75,125,70,125,70,115
591,0483,Dialga,Steel,Dragon,680,100,120,120,150,100,90
592,0483,Dialga Origin Forme,Steel,Dragon,680,100,100,120,150,120,90
593,0484,Palkia,Water,Dragon,680,90,120,100,150,120,100
594,0484,Palkia Origin Forme,Water,Dragon,680,90,100,100,150,120,120
595,0485,Heatran,Fire,Steel,600,91,90,106,130,106,77
596,0486,Regigigas,Normal,,670,110,160,110,80,110,100
597,0487,Giratina Altered Forme,Ghost,Dragon,680,150,100,120,100,120,90
598,0487,Giratina Origin Forme,Ghost,Dragon,680,150,120,100,120,100,90
599,0488,Cresselia,Psychic,,580,120,70,110,75,120,85
600,0489,Phione,Water,,480,80,80,80,80,80,80
601,0490,Manaphy,Water,,600,100,100,100,100,100,100
602,0491,Darkrai,Dark,,600,70,90,90,135,90,125
603,0492,Shaymin Land Forme,Grass,,600,100,100,100,100,100,100
604,0492,Shaymin Sky Forme,Grass,Flying,600,100,103,75,120,75,127
605,0493,Arceus,Normal,,720,120,120,120,120,120,120
606,0494,Victini,Psychic,Fire,600,100,100,100,100,100,100
607,0495,Snivy,Grass,,308,45,45,55,45,55,63
608,0496,Servine,Grass,,413,60,60,75,60,75,83
609,0497,Serperior,Grass,,528,75,75,95,75,95,113
610,0498,Tepig,Fire,,308,65,63,45,45,45,45
611,0499,Pignite,Fire,Fighting,418,90,93,55,70,55,55
612,0500,Emboar,Fire,Fighting,528,110,123,65,100,65,65
613,0501,Oshawott,Water,,308,55,55,45,63,45,45
614,0502,Dewott,Water,,413,75,75,60,83,60,60
615,0503,Samurott,Water,,528,95,100,85,108,70,70
616,0503,Hisuian Samurott,Water,Dark,528,90,108,80,100,65,85
617,0504,Patrat,Normal,,255,45,55,39,35,39,42
618,0505,Watchog,Normal,,420,60,85,69,60,69,77
619,0506,Lillipup,Normal,,275,45,60,45,25,45,55
620,0507,Herdier,Normal,,370,65,80,65,35,65,60
621,0508,Stoutland,Normal,,500,85,110,90,45,90,80
622,0509,Purrloin,Dark,,281,41,50,37,50,37,66
623,0510,Liepard,Dark,,446,64,88,50,88,50,106
624,0511,Pansage,Grass,,316,50,53,48,53,48,64
625,0512,Simisage,Grass,,498,75,98,63,98,63,101
626,0513,Pansear,Fire,,316,50,53,48,53,48,64
627,0514,Simisear,Fire,,498,75,98,63,98,63,101
628,0515,Panpour,Water,,316,50,53,48,53,48,64
629,0516,Simipour,Water,,498,75,98,63,98,63,101
630,0517,Munna,Psychic,,292,76,25,45,67,55,24
631,0518,Musharna,Psychic,,487,116,55,85,107,95,29
632,0519,Pidove,Normal,Flying,264,50,55,50,36,30,43
633,0520,Tranquill,Normal,Flying,358,62,77,62,50,42,65
634,0521,Unfezant,Normal,Flying,488,80,115,80,65,55,93
635,0522,Blitzle,Electric,,295,45,60,32,50,32,76
636,0523,Zebstrika,Electric,,497,75,100,63,80,63,116
637,0524,Roggenrola,Rock,,280,55,75,85,25,25,15
638,0525,Boldore,Rock,,390,70,105,105,50,40,20
639,0526,Gigalith,Rock,,515,85,135,130,60,80,25
640,0527,Woobat,Psychic,Flying,323,65,45,43,55,43,72
641,0528,Swoobat,Psychic,Flying,425,67,57,55,77,55,114
642,0529,Drilbur,Ground,,328,60,85,40,30,45,68
643,0530,Excadrill,Ground,Steel,508,110,135,60,50,65,88
644,0531,Audino,Normal,,445,103,60,86,60,86,50
645,0531,Mega Audino,Normal,Fairy,545,103,60,126,80,126,50
646,0532,Timburr,Fighting,,305,75,80,55,25,35,35
647,0533,Gurdurr,Fighting,,405,85,105,85,40,50,40
648,0534,Conkeldurr,Fighting,,505,105,140,95,55,65,45
649,0535,Tympole,Water,,294,50,50,40,50,40,64
650,0536,Palpitoad,Water,Ground,384,75,65,55,65,55,69
651,0537,Seismitoad,Water,Ground,509,105,95,75,85,75,74
652,0538,Throh,Fighting,,465,120,100,85,30,85,45
653,0539,Sawk,Fighting,,465,75,125,75,30,75,85
654,0540,Sewaddle,Bug,Grass,310,45,53,70,40,60,42
655,0541,Swadloon,Bug,Grass,380,55,63,90,50,80,42
656,0542,Leavanny,Bug,Grass,500,75,103,80,70,80,92
657,0543,Venipede,Bug,Poison,260,30,45,59,30,39,57
658,0544,Whirlipede,Bug,Poison,360,40,55,99,40,79,47
659,0545,Scolipede,Bug,Poison,485,60,100,89,55,69,112
660,0546,Cottonee,Grass,Fairy,280,40,27,60,37,50,66
661,0547,Whimsicott,Grass,Fairy,480,60,67,85,77,75,116
662,0548,Petilil,Grass,,280,45,35,50,70,50,30
663,0549,Lilligant,Grass,,480,70,60,75,110,75,90
664,0549,Hisuian Lilligant,Grass,Fighting,480,70,105,75,50,75,105
665,0550,Basculin Red-Striped Form,Water,,460,70,92,65,80,55,98
666,0550,Basculin Blue-Striped Form,Water,,460,70,92,65,80,55,98
667,0550,Basculin White-Striped Form,Water,,460,70,92,65,80,55,98
668,0551,Sandile,Ground,Dark,292,50,72,35,35,35,65
669,0552,Krokorok,Ground,Dark,351,60,82,45,45,45,74
670,0553,Krookodile,Ground,Dark,519,95,117,80,65,70,92
671,0554,Darumaka,Fire,,315,70,90,45,15,45,50
672,0554,Galarian Darumaka,Ice,,315,70,90,45,15,45,50
673,0555,Darmanitan Standard Mode,Fire,,480,105,140,55,30,55,95
674,0555,Darmanitan Zen Mode,Fire,Psychic,540,105,30,105,140,105,55
675,0555,Darmanitan Galarian Standard Mode,Ice,,480,105,140,55,30,55,95
676,0555,Darmanitan Galarian Zen Mode,Ice,Fire,540,105,160,55,30,55,135
677,0556,Maractus,Grass,,461,75,86,67,106,67,60
678,0557,Dwebble,Bug,Rock,325,50,65,85,35,35,55
679,0558,Crustle,Bug,Rock,485,70,105,125,65,75,45
680,0559,Scraggy,Dark,Fighting,348,50,75,70,35,70,48
681,0560,Scrafty,Dark,Fighting,488,65,90,115,45,115,58
682,0561,Sigilyph,Psychic,Flying,490,72,58,80,103,80,97
683,0562,Yamask,Ghost,,303,38,30,85,55,65,30
684,0562,Galarian Yamask,Ground,Ghost,303,38,55,85,30,65,30
685,0563,Cofagrigus,Ghost,,483,58,50,145,95,105,30
686,0564,Tirtouga,Water,Rock,355,54,78,103,53,45,22
687,0565,Carracosta,Water,Rock,495,74,108,133,83,65,32
688,0566,Archen,Rock,Flying,401,55,112,45,74,45,70
689,0567,Archeops,Rock,Flying,567,75,140,65,112,65,110
690,0568,Trubbish,Poison,,329,50,50,62,40,62,65
691,0569,Garbodor,Poison,,474,80,95,82,60,82,75
692,0570,Zorua,Dark,,330,40,65,40,80,40,65
693,0570,Hisuian Zorua,Normal,Ghost,330,35,60,40,85,40,70
694,0571,Zoroark,Dark,,510,60,105,60,120,60,105
695,0571,Hisuian Zoroark,Normal,Ghost,510,60,105,60,120,60,105
696,0572,Minccino,Normal,,300,55,50,40,40,40,75
697,0573,Cinccino,Normal,,470,75,95,60,65,60,115
698,0574,Gothita,Psychic,,290,45,30,50,55,65,45
699,0575,Gothorita,Psychic,,390,60,45,70,75,85,55
700,0576,Gothitelle,Psychic,,490,70,55,95,95,110,65
701,0577,Solosis,Psychic,,290,45,30,40,105,50,20
702,0578,Duosion,Psychic,,370,65,40,50,125,60,30
703,0579,Reuniclus,Psychic,,490,110,65,75,125,85,30
704,0580,Ducklett,Water,Flying,305,62,44,50,44,50,55
705,0581,Swanna,Water,Flying,473,75,87,63,87,63,98
706,0582,Vanillite,Ice,,305,36,50,50,65,60,44
707,0583,Vanillish,Ice,,395,51,65,65,80,75,59
708,0584,Vanilluxe,Ice,,535,71,95,85,110,95,79
709,0585,Deerling,Normal,Grass,335,60,60,50,40,50,75
710,0586,Sawsbuck,Normal,Grass,475,80,100,70,60,70,95
711,0587,Emolga,Electric,Flying,428,55,75,60,75,60,103
712,0588,Karrablast,Bug,,315,50,75,45,40,45,60
713,0589,Escavalier,Bug,Steel,495,70,135,105,60,105,20
714,0590,Foongus,Grass,Poison,294,69,55,45,55,55,15
715,0591,Amoonguss,Grass,Poison,464,114,85,70,85,80,30
716,0592,Frillish,Water,Ghost,335,55,40,50,65,85,40
717,0593,Jellicent,Water,Ghost,480,100,60,70,85,105,60
718,0594,Alomomola,Water,,470,165,75,80,40,45,65
719,0595,Joltik,Bug,Electric,319,50,47,50,57,50,65
720,0596,Galvantula,Bug,Electric,472,70,77,60,97,60,108
721,0597,Ferroseed,Grass,Steel,305,44,50,91,24,86,10
722,0598,Ferrothorn,Grass,Steel,489,74,94,131,54,116,20
723,0599,Klink,Steel,,300,40,55,70,45,60,30
724,0600,Klang,Steel,,440,60,80,95,70,85,50
725,0601,Klinklang,Steel,,520,60,100,115,70,85,90
726,0602,Tynamo,Electric,,275,35,55,40,45,40,60
727,0603,Eelektrik,Electric,,405,65,85,70,75,70,40
728,0604,Eelektross,Electric,,515,85,115,80,105,80,50
729,0605,Elgyem,Psychic,,335,55,55,55,85,55,30
730,0606,Beheeyem,Psychic,,485,75,75,75,125,95,40
731,0607,Litwick,Ghost,Fire,275,50,30,55,65,55,20
732,0608,Lampent,Ghost,Fire,370,60,40,60,95,60,55
733,0609,Chandelure,Ghost,Fire,520,60,55,90,145,90,80
734,0610,Axew,Dragon,,320,46,87,60,30,40,57
735,0611,Fraxure,Dragon,,410,66,117,70,40,50,67
736,0612,Haxorus,Dragon,,540,76,147,90,60,70,97
737,0613,Cubchoo,Ice,,305,55,70,40,60,40,40
738,0614,Beartic,Ice,,505,95,130,80,70,80,50
739,0615,Cryogonal,Ice,,515,80,50,50,95,135,105
740,0616,Shelmet,Bug,,305,50,40,85,40,65,25
741,0617,Accelgor,Bug,,495,80,70,40,100,60,145
742,0618,Stunfisk,Ground,Electric,471,109,66,84,81,99,32
743,0618,Galarian Stunfisk,Ground,Steel,471,109,81,99,66,84,32
744,0619,Mienfoo,Fighting,,350,45,85,50,55,50,65
745,0620,Mienshao,Fighting,,510,65,125,60,95,60,105
746,0621,Druddigon,Dragon,,485,77,120,90,60,90,48
747,0622,Golett,Ground,Ghost,303,59,74,50,35,50,35
748,0623,Golurk,Ground,Ghost,483,89,124,80,55,80,55
749,0624,Pawniard,Dark,Steel,340,45,85,70,40,40,60
750,0625,Bisharp,Dark,Steel,490,65,125,100,60,70,70
751,0626,Bouffalant,Normal,,490,95,110,95,40,95,55
752,0627,Rufflet,Normal,Flying,350,70,83,50,37,50,60
753,0628,Braviary,Normal,Flying,510,100,123,75,57,75,80
754,0628,Hisuian Braviary,Psychic,Flying,510,110,83,70,112,70,65
755,0629,Vullaby,Dark,Flying,370,70,55,75,45,65,60
756,0630,Mandibuzz,Dark,Flying,510,110,65,105,55,95,80
757,0631,Heatmor,Fire,,484,85,97,66,105,66,65
758,0632,Durant,Bug,Steel,484,58,109,112,48,48,109
759,0633,Deino,Dark,Dragon,300,52,65,50,45,50,38
760,0634,Zweilous,Dark,Dragon,420,72,85,70,65,70,58
761,0635,Hydreigon,Dark,Dragon,600,92,105,90,125,90,98
762,0636,Larvesta,Bug,Fire,360,55,85,55,50,55,60
763,0637,Volcarona,Bug,Fire,550,85,60,65,135,105,100
764,0638,Cobalion,Steel,Fighting,580,91,90,129,90,72,108
765,0639,Terrakion,Rock,Fighting,580,91,129,90,72,90,108
766,0640,Virizion,Grass,Fighting,580,91,90,72,90,129,108
767,0641,Tornadus Incarnate Forme,Flying,,580,79,115,70,125,80,111
768,0641,Tornadus Therian Forme,Flying,,580,79,100,80,110,90,121
769,0642,Thundurus Incarnate Forme,Electric,Flying,580,79,115,70,125,80,111
770,0642,Thundurus Therian Forme,Electric,Flying,580,79,105,70,145,80,101
771,0643,Reshiram,Dragon,Fire,680,100,120,100,150,120,90
772,0644,Zekrom,Dragon,Electric,680,100,150,120,120,100,90
773,0645,Landorus Incarnate Forme,Ground,Flying,600,89,125,90,115,80,101
774,0645,Landorus Therian Forme,Ground,Flying,600,89,145,90,105,80,91
775,0646,Kyurem,Dragon,Ice,660,125,130,90,130,90,95
776,0646,White Kyurem,Dragon,Ice,700,125,120,90,170,100,95
777,0646,Black Kyurem,Dragon,Ice,700,125,170,100,120,90,95
778,0647,Keldeo Ordinary Form,Water,Fighting,580,91,72,90,129,90,108
779,0647,Keldeo Resolute Form,Water,Fighting,580,91,72,90,129,90,108
780,0648,Meloetta Aria Forme,Normal,Psychic,600,100,77,77,128,128,90
781,0648,Meloetta Pirouette Forme,Normal,Fighting,600,100,128,90,77,77,128
782,0649,Genesect,Bug,Steel,600,71,120,95,120,95,99
783,0650,Chespin,Grass,,313,56,61,65,48,45,38
784,0651,Quilladin,Grass,,405,61,78,95,56,58,57
785,0652,Chesnaught,Grass,Fighting,530,88,107,122,74,75,64
786,0653,Fennekin,Fire,,307,40,45,40,62,60,60
787,0654,Braixen,Fire,,409,59,59,58,90,70,73
788,0655,Delphox,Fire,Psychic,534,75,69,72,114,100,104
789,0656,Froakie,Water,,314,41,56,40,62,44,71
790,0657,Frogadier,Water,,405,54,63,52,83,56,97
791,0658,Greninja,Water,Dark,530,72,95,67,103,71,122
792,0658,Greninja Ash-Greninja,Water,Dark,640,72,145,67,153,71,132
793,0659,Bunnelby,Normal,,237,38,36,38,32,36,57
794,0660,Diggersby,Normal,Ground,423,85,56,77,50,77,78
795,0661,Fletchling,Normal,Flying,278,45,50,43,40,38,62
796,0662,Fletchinder,Fire,Flying,382,62,73,55,56,52,84
797,0663,Talonflame,Fire,Flying,499,78,81,71,74,69,126
798,0664,Scatterbug,Bug,,200,38,35,40,27,25,35
799,0665,Spewpa,Bug,,213,45,22,60,27,30,29
800,0666,Vivillon,Bug,Flying,411,80,52,50,90,50,89
801,0667,Litleo,Fire,Normal,369,62,50,58,73,54,72
802,0668,Pyroar,Fire,Normal,507,86,68,72,109,66,106
803,0669,Flabébé,Fairy,,303,44,38,39,61,79,42
804,0670,Floette,Fairy,,371,54,45,47,75,98,52
805,0671,Florges,Fairy,,552,78,65,68,112,154,75
806,0672,Skiddo,Grass,,350,66,65,48,62,57,52
807,0673,Gogoat,Grass,,531,123,100,62,97,81,68
808,0674,Pancham,Fighting,,348,67,82,62,46,48,43
809,0675,Pangoro,Fighting,Dark,495,95,124,78,69,71,58
810,0676,Furfrou,Normal,,472,75,80,60,65,90,102
811,0677,Espurr,Psychic,,355,62,48,54,63,60,68
812,0678,Meowstic Male,Psychic,,466,74,48,76,83,81,104
813,0678,Meowstic Female,Psychic,,466,74,48,76,83,81,104
814,0679,Honedge,Steel,Ghost,325,45,80,100,35,37,28
815,0680,Doublade,Steel,Ghost,448,59,110,150,45,49,35
816,0681,Aegislash Shield Forme,Steel,Ghost,500,60,50,140,50,140,60
817,0681,Aegislash Blade Forme,Steel,Ghost,500,60,140,50,140,50,60
818,0682,Spritzee,Fairy,,341,78,52,60,63,65,23
819,0683,Aromatisse,Fairy,,462,101,72,72,99,89,29
820,0684,Swirlix,Fairy,,341,62,48,66,59,57,49
821,0685,Slurpuff,Fairy,,480,82,80,86,85,75,72
822,0686,Inkay,Dark,Psychic,288,53,54,53,37,46,45
823,0687,Malamar,Dark,Psychic,482,86,92,88,68,75,73
824,0688,Binacle,Rock,Water,306,42,52,67,39,56,50
825,0689,Barbaracle,Rock,Water,500,72,105,115,54,86,68
826,0690,Skrelp,Poison,Water,320,50,60,60,60,60,30
827,0691,Dragalge,Poison,Dragon,494,65,75,90,97,123,44
828,0692,Clauncher,Water,,330,50,53,62,58,63,44
829,0693,Clawitzer,Water,,500,71,73,88,120,89,59
830,0694,Helioptile,Electric,Normal,289,44,38,33,61,43,70
831,0695,Heliolisk,Electric,Normal,481,62,55,52,109,94,109
832,0696,Tyrunt,Rock,Dragon,362,58,89,77,45,45,48
833,0697,Tyrantrum,Rock,Dragon,521,82,121,119,69,59,71
834,0698,Amaura,Rock,Ice,362,77,59,50,67,63,46
835,0699,Aurorus,Rock,Ice,521,123,77,72,99,92,58
836,0700,Sylveon,Fairy,,525,95,65,65,110,130,60
837,0701,Hawlucha,Fighting,Flying,500,78,92,75,74,63,118
838,0702,Dedenne,Electric,Fairy,431,67,58,57,81,67,101
839,0703,Carbink,Rock,Fairy,500,50,50,150,50,150,50
840,0704,Goomy,Dragon,,300,45,50,35,55,75,40
841,0705,Sliggoo,Dragon,,452,68,75,53,83,113,60
842,0705,Hisuian Sliggoo,Steel,Dragon,452,58,75,83,83,113,40
843,0706,Goodra,Dragon,,600,90,100,70,110,150,80
844,0706,Hisuian Goodra,Steel,Dragon,600,80,100,100,110,150,60
845,0707,Klefki,Steel,Fairy,470,57,80,91,80,87,75
846,0708,Phantump,Ghost,Grass,309,43,70,48,50,60,38
847,0709,Trevenant,Ghost,Grass,474,85,110,76,65,82,56
848,0710,Pumpkaboo Average Size,Ghost,Grass,335,49,66,70,44,55,51
849,0710,Pumpkaboo Small Size,Ghost,Grass,335,44,66,70,44,55,56
850,0710,Pumpkaboo Large Size,Ghost,Grass,335,54,66,70,44,55,46
851,0710,Pumpkaboo Super Size,Ghost,Grass,335,59,66,70,44,55,41
852,0711,Gourgeist Average Size,Ghost,Grass,494,65,90,122,58,75,84
853,0711,Gourgeist Small Size,Ghost,Grass,494,55,85,122,58,75,99
854,0711,Gourgeist Large Size,Ghost,Grass,494,75,95,122,58,75,69
855,0711,Gourgeist Super Size,Ghost,Grass,494,85,100,122,58,75,54
856,0712,Bergmite,Ice,,304,55,69,85,32,35,28
857,0713,Avalugg,Ice,,514,95,117,184,44,46,28
858,0713,Hisuian Avalugg,Ice,Rock,514,95,127,184,34,36,38
859,0714,Noibat,Flying,Dragon,245,40,30,35,45,40,55
860,0715,Noivern,Flying,Dragon,535,85,70,80,97,80,123
861,0716,Xerneas,Fairy,,680,126,131,95,131,98,99
862,0717,Yveltal,Dark,Flying,680,126,131,95,131,98,99
863,0718,Zygarde 50% Forme,Dragon,Ground,600,108,100,121,81,95,95
864,0718,Zygarde 10% Forme,Dragon,Ground,486,54,100,71,61,85,115
865,0718,Zygarde Complete Forme,Dragon,Ground,708,216,100,121,91,95,85
866,0719,Diancie,Rock,Fairy,600,50,100,150,100,150,50
867,0719,Mega Diancie,Rock,Fairy,700,50,160,110,160,110,110
868,0720,Hoopa Confined,Psychic,Ghost,600,80,110,60,150,130,70
869,0720,Hoopa Unbound,Psychic,Dark,680,80,160,60,170,130,80
870,0721,Volcanion,Fire,Water,600,80,110,120,130,90,70
871,0722,Rowlet,Grass,Flying,320,68,55,55,50,50,42
872,0723,Dartrix,Grass,Flying,420,78,75,75,70,70,52
873,0724,Decidueye,Grass,Ghost,530,78,107,75,100,100,70
874,0724,Hisuian Decidueye,Grass,Fighting,530,88,112,80,95,95,60
875,0725,Litten,Fire,,320,45,65,40,60,40,70
876,0726,Torracat,Fire,,420,65,85,50,80,50,90
877,0727,Incineroar,Fire,Dark,530,95,115,90,80,90,60
878,0728,Popplio,Water,,320,50,54,54,66,56,40
879,0729,Brionne,Water,,420,60,69,69,91,81,50
880,0730,Primarina,Water,Fairy,530,80,74,74,126,116,60
881,0731,Pikipek,Normal,Flying,265,35,75,30,30,30,65
882,0732,Trumbeak,Normal,Flying,355,55,85,50,40,50,75
883,0733,Toucannon,Normal,Flying,485,80,120,75,75,75,60
884,0734,Yungoos,Normal,,253,48,70,30,30,30,45
885,0735,Gumshoos,Normal,,418,88,110,60,55,60,45
886,0736,Grubbin,Bug,,300,47,62,45,55,45,46
887,0737,Charjabug,Bug,Electric,400,57,82,95,55,75,36
888,0738,Vikavolt,Bug,Electric,500,77,70,90,145,75,43
889,0739,Crabrawler,Fighting,,338,47,82,57,42,47,63
890,0740,Crabominable,Fighting,Ice,478,97,132,77,62,67,43
891,0741,Oricorio Baile Style,Fire,Flying,476,75,70,70,98,70,93
892,0741,Oricorio Pom-Pom Style,Electric,Flying,476,75,70,70,98,70,93
893,0741,Oricorio Pa'u Style,Psychic,Flying,476,75,70,70,98,70,93
894,0741,Oricorio Sensu Style,Ghost,Flying,476,75,70,70,98,70,93
895,0742,Cutiefly,Bug,Fairy,304,40,45,40,55,40,84
896,0743,Ribombee,Bug,Fairy,464,60,55,60,95,70,124
897,0744,Rockruff,Rock,,280,45,65,40,30,40,60
898,0744,Own Tempo Rockruff,Rock,,280,45,65,40,30,40,60
899,0745,Lycanroc Midday Form,Rock,,487,75,115,65,55,65,112
900,0745,Lycanroc Midnight Form,Rock,,487,85,115,75,55,75,82
901,0745,Lycanroc Dusk Form,Rock,,487,75,117,65,55,65,110
902,0746,Wishiwashi Solo Form,Water,,175,45,20,20,25,25,40
903,0746,Wishiwashi School Form,Water,,620,45,140,130,140,135,30
904,0747,Mareanie,Poison,Water,305,50,53,62,43,52,45
905,0748,Toxapex,Poison,Water,495,50,63,152,53,142,35
906,0749,Mudbray,Ground,,385,70,100,70,45,55,45
907,0750,Mudsdale,Ground,,500,100,125,100,55,85,35
908,0751,Dewpider,Water,Bug,269,38,40,52,40,72,27
909,0752,Araquanid,Water,Bug,454,68,70,92,50,132,42
910,0753,Fomantis,Grass,,250,40,55,35,50,35,35
911,0754,Lurantis,Grass,,480,70,105,90,80,90,45
912,0755,Morelull,Grass,Fairy,285,40,35,55,65,75,15
913,0756,Shiinotic,Grass,Fairy,405,60,45,80,90,100,30
914,0757,Salandit,Poison,Fire,320,48,44,40,71,40,77
915,0758,Salazzle,Poison,Fire,480,68,64,60,111,60,117
916,0759,Stufful,Normal,Fighting,340,70,75,50,45,50,50
917,0760,Bewear,Normal,Fighting,500,120,125,80,55,60,60
918,0761,Bounsweet,Grass,,210,42,30,38,30,38,32
919,0762,Steenee,Grass,,290,52,40,48,40,48,62
920,0763,Tsareena,Grass,,510,72,120,98,50,98,72
921,0764,Comfey,Fairy,,485,51,52,90,82,110,100
922,0765,Oranguru,Normal,Psychic,490,90,60,80,90,110,60
923,0766,Passimian,Fighting,,490,100,120,90,40,60,80
924,0767,Wimpod,Bug,Water,230,25,35,40,20,30,80
925,0768,Golisopod,Bug,Water,530,75,125,140,60,90,40
926,0769,Sandygast,Ghost,Ground,320,55,55,80,70,45,15
927,0770,Palossand,Ghost,Ground,480,85,75,110,100,75,35
928,0771,Pyukumuku,Water,,410,55,60,130,30,130,5
929,0772,Type: Null,Normal,,534,95,95,95,95,95,59
930,0773,Silvally,Normal,,570,95,95,95,95,95,95
931,0774,Minior Meteor Form,Rock,Flying,440,60,60,100,60,100,60
932,0774,Minior Core Form,Rock,Flying,500,60,100,60,100,60,120
933,0775,Komala,Normal,,480,65,115,65,75,95,65
934,0776,Turtonator,Fire,Dragon,485,60,78,135,91,85,36
935,0777,Togedemaru,Electric,Steel,435,65,98,63,40,73,96
936,0778,Mimikyu,Ghost,Fairy,476,55,90,80,50,105,96
937,0779,Bruxish,Water,Psychic,475,68,105,70,70,70,92
938,0780,Drampa,Normal,Dragon,485,78,60,85,135,91,36
939,0781,Dhelmise,Ghost,Grass,517,70,131,100,86,90,40
940,0782,Jangmo-o,Dragon,,300,45,55,65,45,45,45
941,0783,Hakamo-o,Dragon,Fighting,420,55,75,90,65,70,65
942,0784,Kommo-o,Dragon,Fighting,600,75,110,125,100,105,85
943,0785,Tapu Koko,Electric,Fairy,570,70,115,85,95,75,130
944,0786,Tapu Lele,Psychic,Fairy,570,70,85,75,130,115,95
945,0787,Tapu Bulu,Grass,Fairy,570,70,130,115,85,95,75
946,0788,Tapu Fini,Water,Fairy,570,70,75,115,95,130,85
947,0789,Cosmog,Psychic,,200,43,29,31,29,31,37
948,0790,Cosmoem,Psychic,,400,43,29,131,29,131,37
949,0791,Solgaleo,Psychic,Steel,680,137,137,107,113,89,97
950,0792,Lunala,Psychic,Ghost,680,137,113,89,137,107,97
951,0793,Nihilego,Rock,Poison,570,109,53,47,127,131,103
952,0794,Buzzwole,Bug,Fighting,570,107,139,139,53,53,79
953,0795,Pheromosa,Bug,Fighting,570,71,137,37,137,37,151
954,0796,Xurkitree,Electric,,570,83,89,71,173,71,83
955,0797,Celesteela,Steel,Flying,570,97,101,103,107,101,61
956,0798,Kartana,Grass,Steel,570,59,181,131,59,31,109
957,0799,Guzzlord,Dark,Dragon,570,223,101,53,97,53,43
958,0800,Necrozma,Psychic,,600,97,107,101,127,89,79
959,0800,Dusk Mane Necrozma,Psychic,Steel,680,97,157,127,113,109,77
960,0800,Dawn Wings Necrozma,Psychic,Ghost,680,97,113,109,157,127,77
961,0800,Ultra Necrozma,Psychic,Dragon,754,97,167,97,167,97,129
962,0801,Magearna,Steel,Fairy,600,80,95,115,130,115,65
963,0802,Marshadow,Fighting,Ghost,600,90,125,80,90,90,125
964,0803,Poipole,Poison,,420,67,73,67,73,67,73
965,0804,Naganadel,Poison,Dragon,540,73,73,73,127,73,121
966,0805,Stakataka,Rock,Steel,570,61,131,211,53,101,13
967,0806,Blacephalon,Fire,Ghost,570,53,127,53,151,79,107
968,0807,Zeraora,Electric,,600,88,112,75,102,80,143
969,0808,Meltan,Steel,,300,46,65,65,55,35,34
970,0809,Melmetal,Steel,,600,135,143,143,80,65,34
971,0810,Grookey,Grass,,310,50,65,50,40,40,65
972,0811,Thwackey,Grass,,420,70,85,70,55,60,80
973,0812,Rillaboom,Grass,,530,100,125,90,60,70,85
974,0813,Scorbunny,Fire,,310,50,71,40,40,40,69
975,0814,Raboot,Fire,,420,65,86,60,55,60,94
976,0815,Cinderace,Fire,,530,80,116,75,65,75,119
977,0816,Sobble,Water,,310,50,40,40,70,40,70
978,0817,Drizzile,Water,,420,65,60,55,95,55,90
979,0818,Inteleon,Water,,530,70,85,65,125,65,120
980,0819,Skwovet,Normal,,275,70,55,55,35,35,25
981,0820,Greedent,Normal,,460,120,95,95,55,75,20
982,0821,Rookidee,Flying,,245,38,47,35,33,35,57
983,0822,Corvisquire,Flying,,365,68,67,55,43,55,77
984,0823,Corviknight,Flying,Steel,495,98,87,105,53,85,67
985,0824,Blipbug,Bug,,180,25,20,20,25,45,45
986,0825,Dottler,Bug,Psychic,335,50,35,80,50,90,30
987,0826,Orbeetle,Bug,Psychic,505,60,45,110,80,120,90
988,0827,Nickit,Dark,,245,40,28,28,47,52,50
989,0828,Thievul,Dark,,455,70,58,58,87,92,90
990,0829,Gossifleur,Grass,,250,40,40,60,40,60,10
991,0830,Eldegoss,Grass,,460,60,50,90,80,120,60
992,0831,Wooloo,Normal,,270,42,40,55,40,45,48
993,0832,Dubwool,Normal,,490,72,80,100,60,90,88
994,0833,Chewtle,Water,,284,50,64,50,38,38,44
995,0834,Drednaw,Water,Rock,485,90,115,90,48,68,74
996,0835,Yamper,Electric,,270,59,45,50,40,50,26
997,0836,Boltund,Electric,,490,69,90,60,90,60,121
998,0837,Rolycoly,Rock,,240,30,40,50,40,50,30
999,0838,Carkol,Rock,Fire,410,80,60,90,60,70,50
1000,0839,Coalossal,Rock,Fire,510,110,80,120,80,90,30
1001,0840,Applin,Grass,Dragon,260,40,40,80,40,40,20
1002,0841,Flapple,Grass,Dragon,485,70,110,80,95,60,70
1003,0842,Appletun,Grass,Dragon,485,110,85,80,100,80,30
1004,0843,Silicobra,Ground,,315,52,57,75,35,50,46
1005,0844,Sandaconda,Ground,,510,72,107,125,65,70,71
1006,0845,Cramorant,Flying,Water,475,70,85,55,85,95,85
1007,0846,Arrokuda,Water,,280,41,63,40,40,30,66
1008,0847,Barraskewda,Water,,490,61,123,60,60,50,136
1009,0848,Toxel,Electric,Poison,242,40,38,35,54,35,40
1010,0849,Toxtricity Amped Form,Electric,Poison,502,75,98,70,114,70,75
1011,0849,Toxtricity Low Key Form,Electric,Poison,502,75,98,70,114,70,75
1012,0850,Sizzlipede,Fire,Bug,305,50,65,45,50,50,45
1013,0851,Centiskorch,Fire,Bug,525,100,115,65,90,90,65
1014,0852,Clobbopus,Fighting,,310,50,68,60,50,50,32
1015,0853,Grapploct,Fighting,,480,80,118,90,70,80,42
1016,0854,Sinistea,Ghost,,308,40,45,45,74,54,50
1017,0855,Polteageist,Ghost,,508,60,65,65,134,114,70
1018,0856,Hatenna,Psychic,,265,42,30,45,56,53,39
1019,0857,Hattrem,Psychic,,370,57,40,65,86,73,49
1020,0858,Hatterene,Psychic,Fairy,510,57,90,95,136,103,29
1021,0859,Impidimp,Dark,Fairy,265,45,45,30,55,40,50
1022,0860,Morgrem,Dark,Fairy,370,65,60,45,75,55,70
1023,0861,Grimmsnarl,Dark,Fairy,510,95,120,65,95,75,60
1024,0862,Obstagoon,Dark,Normal,520,93,90,101,60,81,95
1025,0863,Perrserker,Steel,,440,70,110,100,50,60,50
1026,0864,Cursola,Ghost,,510,60,95,50,145,130,30
1027,0865,Sirfetch'd,Fighting,,507,62,135,95,68,82,65
1028,0866,Mr. Rime,Ice,Psychic,520,80,85,75,110,100,70
1029,0867,Runerigus,Ground,Ghost,483,58,95,145,50,105,30
1030,0868,Milcery,Fairy,,270,45,40,40,50,61,34
1031,0869,Alcremie,Fairy,,495,65,60,75,110,121,64
1032,0870,Falinks,Fighting,,470,65,100,100,70,60,75
1033,0871,Pincurchin,Electric,,435,48,101,95,91,85,15
1034,0872,Snom,Ice,Bug,185,30,25,35,45,30,20
1035,0873,Frosmoth,Ice,Bug,475,70,65,60,125,90,65
1036,0874,Stonjourner,Rock,,470,100,125,135,20,20,70
1037,0875,Eiscue Ice Face,Ice,,470,75,80,110,65,90,50
1038,0875,Eiscue Noice Face,Ice,,470,75,80,70,65,50,130
1039,0876,Indeedee Male,Psychic,Normal,475,60,65,55,105,95,95
1040,0876,Indeedee Female,Psychic,Normal,475,70,55,65,95,105,85
1041,0877,Morpeko Full Belly Mode,Electric,Dark,436,58,95,58,70,58,97
1042,0877,Morpeko Hangry Mode,Electric,Dark,436,58,95,58,70,58,97
1043,0878,Cufant,Steel,,330,72,80,49,40,49,40
1044,0879,Copperajah,Steel,,500,122,130,69,80,69,30
1045,0880,Dracozolt,Electric,Dragon,505,90,100,90,80,70,75
1046,0881,Arctozolt,Electric,Ice,505,90,100,90,90,80,55
1047,0882,Dracovish,Water,Dragon,505,90,90,100,70,80,75
1048,0883,Arctovish,Water,Ice,505,90,90,100,80,90,55
1049,0884,Duraludon,Steel,Dragon,535,70,95,115,120,50,85
1050,0885,Dreepy,Dragon,Ghost,270,28,60,30,40,30,82
1051,0886,Drakloak,Dragon,Ghost,410,68,80,50,60,50,102
1052,0887,Dragapult,Dragon,Ghost,600,88,120,75,100,75,142
1053,0888,Zacian Hero of Many Battles,Fairy,,660,92,120,115,80,115,138
1054,0888,Zacian Crowned Sword,Fairy,Steel,700,92,150,115,80,115,148
1055,0889,Zamazenta Hero of Many Battles,Fighting,,660,92,120,115,80,115,138
1056,0889,Zamazenta Crowned Shield,Fighting,Steel,700,92,120,140,80,140,128
1057,0890,Eternatus,Poison,Dragon,690,140,85,95,145,95,130
1058,0890,Eternatus Eternamax,Poison,Dragon,1125,255,115,250,125,250,130
1059,0891,Kubfu,Fighting,,385,60,90,60,53,50,72
1060,0892,Urshifu Single Strike Style,Fighting,Dark,550,100,130,100,63,60,97
1061,0892,Urshifu Rapid Strike Style,Fighting,Water,550,100,130,100,63,60,97
1062,0893,Zarude,Dark,Grass,600,105,120,105,70,95,105
1063,0894,Regieleki,Electric,,580,80,100,50,100,50,200
1064,0895,Regidrago,Dragon,,580,200,100,50,100,50,80
1065,0896,Glastrier,Ice,,580,100,145,130,65,110,30
1066,0897,Spectrier,Ghost,,580,100,65,60,145,80,130
1067,0898,Calyrex,Psychic,Grass,500,100,80,80,80,80,80
1068,0898,Calyrex Ice Rider,Psychic,Ice,680,100,165,150,85,130,50
1069,0898,Calyrex Shadow Rider,Psychic,Ghost,680,100,85,80,165,100,150
1070,0899,Wyrdeer,Normal,Psychic,525,103,105,72,105,75,65
1071,0900,Kleavor,Bug,Rock,500,70,130,95,45,75,85
1072,0901,Ursaluna,Ground,Normal,550,130,140,105,45,80,50
1073,0902,Basculegion Male,Water,Ghost,530,120,112,65,80,75,78
1074,0902,Basculegion Female,Water,Ghost,530,120,92,65,100,75,78
1075,0903,Sneasler,Fighting,Poison,510,80,130,60,40,80,120
1076,0904,Overqwil,Dark,Poison,510,85,115,95,65,65,85
1077,0905,Enamorus Incarnate Forme,Fairy,Flying,580,74,115,70,135,80,106
1078,0905,Enamorus Therian Forme,Fairy,Flying,580,74,115,110,135,100,46
1079,0906,Sprigatito,Grass,,310,40,61,54,45,45,65
1080,0907,Floragato,Grass,,410,61,80,63,60,63,83
1081,0908,Meowscarada,Grass,Dark,530,76,110,70,81,70,123
1082,0909,Fuecoco,Fire,,310,67,45,59,63,40,36
1083,0910,Crocalor,Fire,,411,81,55,78,90,58,49
1084,0911,Skeledirge,Fire,Ghost,530,104,75,100,110,75,66
1085,0912,Quaxly,Water,,310,55,65,45,50,45,50
1086,0913,Quaxwell,Water,,410,70,85,65,65,60,65
1087,0914,Quaquaval,Water,Fighting,530,85,120,80,85,75,85
1088,0915,Lechonk,Normal,,254,54,45,40,35,45,35
1089,0916,Oinkologne Male,Normal,,489,110,100,75,59,80,65
1090,0916,Oinkologne Female,Normal,,489,115,90,70,59,90,65
1091,0917,Tarountula,Bug,,210,35,41,45,29,40,20
1092,0918,Spidops,Bug,,404,60,79,92,52,86,35
1093,0919,Nymble,Bug,,210,33,46,40,21,25,45
1094,0920,Lokix,Bug,Dark,450,71,102,78,52,55,92
1095,0921,Pawmi,Electric,,240,45,50,20,40,25,60
1096,0922,Pawmo,Electric,Fighting,350,60,75,40,50,40,85
1097,0923,Pawmot,Electric,Fighting,490,70,115,70,70,60,105
1098,0924,Tandemaus,Normal,,305,50,50,45,40,45,75
1099,0925,Maushold Family of Four,Normal,,470,74,75,70,65,75,111
1100,0925,Maushold Family of Three,Normal,,470,74,75,70,65,75,111
1101,0926,Fidough,Fairy,,312,37,55,70,30,55,65
1102,0927,Dachsbun,Fairy,,477,57,80,115,50,80,95
1103,0928,Smoliv,Grass,Normal,260,41,35,45,58,51,30
1104,0929,Dolliv,Grass,Normal,354,52,53,60,78,78,33
1105,0930,Arboliva,Grass,Normal,510,78,69,90,125,109,39
1106,0931,Squawkabilly Green Plumage,Normal,Flying,417,82,96,51,45,51,92
1107,0931,Squawkabilly Blue Plumage,Normal,Flying,417,82,96,51,45,51,92
1108,0931,Squawkabilly Yellow Plumage,Normal,Flying,417,82,96,51,45,51,92
1109,0931,Squawkabilly White Plumage,Normal,Flying,417,82,96,51,45,51,92
1110,0932,Nacli,Rock,,280,55,55,75,35,35,25
1111,0933,Naclstack,Rock,,355,60,60,100,35,65,35
1112,0934,Garganacl,Rock,,500,100,100,130,45,90,35
1113,0935,Charcadet,Fire,,255,40,50,40,50,40,35
1114,0936,Armarouge,Fire,Psychic,525,85,60,100,125,80,75
1115,0937,Ceruledge,Fire,Ghost,525,75,125,80,60,100,85
1116,0938,Tadbulb,Electric,,272,61,31,41,59,35,45
1117,0939,Bellibolt,Electric,,495,109,64,91,103,83,45
1118,0940,Wattrel,Electric,Flying,280,40,40,35,55,40,70
1119,0941,Kilowattrel,Electric,Flying,490,70,70,60,105,60,125
1120,0942,Maschiff,Dark,,340,60,78,60,40,51,51
1121,0943,Mabosstiff,Dark,,505,80,120,90,60,70,85
1122,0944,Shroodle,Poison,Normal,290,40,65,35,40,35,75
1123,0945,Grafaiai,Poison,Normal,485,63,95,65,80,72,110
1124,0946,Bramblin,Grass,Ghost,275,40,65,30,45,35,60
1125,0947,Brambleghast,Grass,Ghost,480,55,115,70,80,70,90
1126,0948,Toedscool,Ground,Grass,335,40,40,35,50,100,70
1127,0949,Toedscruel,Ground,Grass,515,80,70,65,80,120,100
1128,0950,Klawf,Rock,,450,70,100,115,35,55,75
1129,0951,Capsakid,Grass,,304,50,62,40,62,40,50
1130,0952,Scovillain,Grass,Fire,486,65,108,65,108,65,75
1131,0953,Rellor,Bug,,270,41,50,60,31,58,30
1132,0954,Rabsca,Bug,Psychic,470,75,50,85,115,100,45
1133,0955,Flittle,Psychic,,255,30,35,30,55,30,75
1134,0956,Espathra,Psychic,,481,95,60,60,101,60,105
1135,0957,Tinkatink,Fairy,Steel,297,50,45,45,35,64,58
1136,0958,Tinkatuff,Fairy,Steel,380,65,55,55,45,82,78
1137,0959,Tinkaton,Fairy,Steel,506,85,75,77,70,105,94
1138,0960,Wiglett,Water,,245,10,55,25,35,25,95
1139,0961,Wugtrio,Water,,425,35,100,50,50,70,120
1140,0962,Bombirdier,Flying,Dark,485,70,103,85,60,85,82
1141,0963,Finizen,Water,,315,70,45,40,45,40,75
1142,0964,Palafin Zero Form,Water,,457,100,70,72,53,62,100
1143,0964,Palafin Hero Form,Water,,650,100,160,97,106,87,100
1144,0965,Varoom,Steel,Poison,300,45,70,63,30,45,47
1145,0966,Revavroom,Steel,Poison,500,80,119,90,54,67,90
1146,0967,Cyclizar,Dragon,Normal,501,70,95,65,85,65,121
1147,0968,Orthworm,Steel,,480,70,85,145,60,55,65
1148,0969,Glimmet,Rock,Poison,350,48,35,42,105,60,60
1149,0970,Glimmora,Rock,Poison,525,83,55,90,130,81,86
1150,0971,Greavard,Ghost,,290,50,61,60,30,55,34
1151,0972,Houndstone,Ghost,,488,72,101,100,50,97,68
1152,0973,Flamigo,Flying,Fighting,500,82,115,74,75,64,90
1153,0974,Cetoddle,Ice,,334,108,68,45,30,40,43
1154,0975,Cetitan,Ice,,521,170,113,65,45,55,73
1155,0976,Veluza,Water,Psychic,478,90,102,73,78,65,70
1156,0977,Dondozo,Water,,530,150,100,115,65,65,35
1157,0978,Tatsugiri Curly Form,Dragon,Water,475,68,50,60,120,95,82
1158,0978,Tatsugiri Droopy Form,Dragon,Water,475,68,50,60,120,95,82
1159,0978,Tatsugiri Stretchy Form,Dragon,Water,475,68,50,60,120,95,82
1160,0979,Annihilape,Fighting,Ghost,535,110,115,80,50,90,90
1161,0980,Clodsire,Poison,Ground,430,130,75,60,45,100,20
1162,0981,Farigiraf,Normal,Psychic,520,120,90,70,110,70,60
1163,0982,Dudunsparce Two-Segment Form,Normal,,520,125,100,80,85,75,55
1164,0982,Dudunsparce Three-Segment Form,Normal,,520,125,100,80,85,75,55
1165,0983,Kingambit,Dark,Steel,550,100,135,120,60,85,50
1166,0984,Great Tusk,Ground,Fighting,570,115,131,131,53,53,87
1167,0985,Scream Tail,Fairy,Psychic,570,115,65,99,65,115,111
1168,0986,Brute Bonnet,Grass,Dark,570,111,127,99,79,99,55
1169,0987,Flutter Mane,Ghost,Fairy,570,55,55,55,135,135,135
1170,0988,Slither Wing,Bug,Fighting,570,85,135,79,85,105,81
1171,0989,Sandy Shocks,Electric,Ground,570,85,81,97,121,85,101
1172,0990,Iron Treads,Ground,Steel,570,90,112,120,72,70,106
1173,0991,Iron Bundle,Ice,Water,570,56,80,114,124,60,136
1174,0992,Iron Hands,Fighting,Electric,570,154,140,108,50,68,50
1175,0993,Iron Jugulis,Dark,Flying,570,94,80,86,122,80,108
1176,0994,Iron Moth,Fire,Poison,570,80,70,60,140,110,110
1177,0995,Iron Thorns,Rock,Electric,570,100,134,110,70,84,72
1178,0996,Frigibax,Dragon,Ice,320,65,75,45,35,45,55
1179,0997,Arctibax,Dragon,Ice,423,90,95,66,45,65,62
1180,0998,Baxcalibur,Dragon,Ice,600,115,145,92,75,86,87
1181,0999,Gimmighoul Chest Form,Ghost,,300,45,30,70,75,70,10
1182,0999,Gimmighoul Roaming Form,Ghost,,300,45,30,25,75,45,80
1183,1000,Gholdengo,Steel,Ghost,550,87,60,95,133,91,84
1184,1001,Wo-Chien,Dark,Grass,570,85,85,100,95,135,70
1185,1002,Chien-Pao,Dark,Ice,570,80,120,80,90,65,135
1186,1003,Ting-Lu,Dark,Ground,570,155,110,125,55,80,45
1187,1004,Chi-Yu,Dark,Fire,570,55,80,80,135,120,100
1188,1005,Roaring Moon,Dragon,Dark,590,105,139,71,55,101,119
1189,1006,Iron Valiant,Fairy,Fighting,590,74,130,90,120,60,116
1190,1007,Koraidon,Fighting,Dragon,670,100,135,115,85,100,135
1191,1008,Miraidon,Electric,Dragon,670,100,85,100,135,115,135
1192,1009,Walking Wake,Water,Dragon,590,99,83,91,125,83,109
1193,1010,Iron Leaves,Grass,Psychic,590,90,130,88,70,108,104
